dataset,n,d,positive_rate,pair_fraction_abs_r_gt_07
WDBC,569,30,0.6274165202108963,0.16091954022988506
Wine,6497,11,0.6330614129598277,0.01818181818181818
Ionosphere,351,34,0.358974358974359,0.0053475935828877
Sonar,208,60,0.5336538461538461,0.030508474576271188
Pima,768,8,0.3489583333333333,0.0
Diabetes,442,10,0.5,0.044444444444444446
Cultivar,178,13,0.33146067415730335,0.02564102564102564
Digits38,357,54,0.48739495798319327,0.0069881201956673656
Parkinsons,195,22,0.7538461538461538,0.3593073593073593
Musk1,476,166,0.43487394957983194,0.07907995618838992
Landsat,6435,36,0.23822843822843823,0.44126984126984126
Ozone,2534,72,0.06314127861089187,0.19679186228482004
