dataset,method,feature_i,feature_j,abs_r,share_of_pairs_ge_0.5,share_of_all_pair_mass
WDBC,CART,worst perimeter,worst concave points,0.8163221016875446,0.13807982740021574,0.06308243727598567
WDBC,CART,radius error,worst concave points,0.5310623278216045,0.0889967637540453,0.04065860215053763
WDBC,CART,worst radius,worst concave points,0.7874238517122414,0.07448269098754536,0.034027777777777775
WDBC,CART,area error,worst concave points,0.5381663138957362,0.07355104442483083,0.033602150537634407
WDBC,CART,radius error,worst perimeter,0.7196838036650055,0.07065803667745416,0.032280465949820786
WDBC,CART,radius error,worst area,0.75154847612662,0.050750220653133275,0.023185483870967742
WDBC,CART,mean concave points,worst perimeter,0.855923128134311,0.04756300872805727,0.021729390681003585
WDBC,CART,worst area,worst concave points,0.747418802322818,0.045062273217613025,0.020586917562724013
WDBC,CART,worst perimeter,worst area,0.9775780914063879,0.04295380994410121,0.019623655913978494
WDBC,CART,area error,worst perimeter,0.7612126360687589,0.039913700107874865,0.018234767025089606
WDBC,CART,area error,worst radius,0.7573731889240162,0.03957046190055899,0.01807795698924731
WDBC,CART,radius error,worst radius,0.7150651951351845,0.027704226733352946,0.012656810035842294
WDBC,CART,mean radius,worst concave points,0.7442141978674667,0.023487300186329312,0.010730286738351254
WDBC,CART,worst radius,worst concavity,0.5739747080993036,0.022016279297832696,0.010058243727598566
WDBC,CART,mean concave points,radius error,0.6980498335607405,0.02054525840933608,0.009386200716845879
WDBC,CART,mean concavity,worst concave points,0.8613230336379514,0.020005884083553988,0.00913978494623656
WDBC,CART,mean concave points,worst radius,0.8303176311186153,0.01627929783269589,0.0074372759856630825
WDBC,CART,mean radius,worst perimeter,0.9651365139559879,0.015298617240364814,0.006989247311827957
WDBC,CART,worst perimeter,worst concavity,0.6183440795335162,0.015200549181131706,0.006944444444444444
WDBC,CART,worst radius,worst perimeter,0.9937079161029507,0.015200549181131706,0.006944444444444444
WDBC,CART,mean smoothness,mean concave points,0.5536951727437599,0.014072766499950966,0.00642921146953405
WDBC,CART,mean concave points,worst area,0.8096296199096183,0.013631460233401982,0.006227598566308243
WDBC,CART,mean concavity,radius error,0.6319248221414905,0.012748847700304012,0.005824372759856631
WDBC,CART,mean concavity,worst radius,0.6882364076436728,0.012748847700304012,0.005824372759856631
WDBC,CART,mean radius,area error,0.7358636632128176,0.008188682945964499,0.0037410394265232974
WDBC,CART,mean concave points,worst concavity,0.7523994975749646,0.007845444738648621,0.0035842293906810036
WDBC,CART,mean concavity,worst area,0.6759872313060885,0.007453172501716191,0.0034050179211469536
WDBC,CART,mean radius,mean concavity,0.6767635503908116,0.0073551044424830835,0.003360215053763441
WDBC,CART,mean concavity,area error,0.6174268058452415,0.007257036383249976,0.003315412186379928
WDBC,CART,mean texture,worst texture,0.9120445888404217,0.003971756398940865,0.0018145161290322581
WDBC,CART,mean radius,worst radius,0.9695389726112065,0.00264783759929391,0.0012096774193548388
WDBC,CART,worst smoothness,worst concave points,0.5476909029497875,0.0023045993919780326,0.0010528673835125447
WDBC,CART,worst radius,worst area,0.9840145644590743,0.00176522506619594,0.0008064516129032258
WDBC,CART,mean compactness,mean concave points,0.8311350431336989,0.0017161910365793862,0.0007840501792114696
WDBC,CART,mean compactness,worst perimeter,0.5902104277312982,0.0017161910365793862,0.0007840501792114696
WDBC,CART,mean concave points,concave points error,0.6156341308969189,0.0014219868588800629,0.0006496415770609319
WDBC,CART,mean smoothness,worst concave points,0.5030533532989502,0.001323918799646955,0.0006048387096774194
WDBC,CART,mean concavity,worst perimeter,0.7295649165132025,0.0010787486515641855,0.000492831541218638
WDBC,CART,worst concave points,worst symmetry,0.5025284938306979,0.0010297146219476316,0.00047043010752688175
WDBC,CART,mean radius,mean concave points,0.8225285223871797,0.0008335785034814161,0.00038082437275985666
WDBC,CART,mean perimeter,mean concave points,0.85097704125282,0.0005393743257820927,0.000246415770609319
WDBC,CART,mean perimeter,worst perimeter,0.9703868870426394,0.0005393743257820927,0.000246415770609319
WDBC,CART,mean radius,worst area,0.9410824595860471,0.0004903402961655388,0.00022401433691756272
WDBC,ACP-Gini,worst perimeter,worst concave points,0.8163221016875446,0.13349207530322196,0.04946372935564807
WDBC,ACP-Gini,radius error,worst concave points,0.5310623278216045,0.11600565518267729,0.042984366814635085
WDBC,ACP-Gini,worst radius,worst concave points,0.7874238517122414,0.0899620507478235,0.03333425239184979
WDBC,ACP-Gini,area error,worst concave points,0.5381663138957362,0.08973881985266761,0.033251537125368776
WDBC,ACP-Gini,mean concave points,worst perimeter,0.855923128134311,0.06101644467594315,0.02260883950481127
WDBC,ACP-Gini,area error,worst perimeter,0.7612126360687589,0.05841208423245777,0.02164382806253274
WDBC,ACP-Gini,radius error,worst perimeter,0.7196838036650055,0.05811444303891659,0.021533541040558053
WDBC,ACP-Gini,radius error,worst radius,0.7150651951351845,0.03936304784582186,0.014585458656152636
WDBC,ACP-Gini,radius error,worst area,0.75154847612662,0.03817248307165712,0.01414431056825388
WDBC,ACP-Gini,worst radius,worst concavity,0.5739747080993036,0.03341022397499814,0.012379718216658855
WDBC,ACP-Gini,mean concavity,worst concave points,0.8613230336379514,0.030359401741200984,0.01124927624141829
WDBC,ACP-Gini,worst perimeter,worst concavity,0.6183440795335162,0.022620730709130142,0.008381813670076373
WDBC,ACP-Gini,worst area,worst concave points,0.747418802322818,0.022323089515588958,0.008271526648101685
WDBC,ACP-Gini,mean concave points,worst radius,0.8303176311186153,0.02098370414465362,0.007775235049215583
WDBC,ACP-Gini,mean concave points,worst area,0.8096296199096183,0.020686062951112433,0.007664948027240895
WDBC,ACP-Gini,area error,worst area,0.8114079609317278,0.02038842175757125,0.007554661005266206
WDBC,ACP-Gini,area error,worst radius,0.7573731889240162,0.019793139370488877,0.0073340869613168274
WDBC,ACP-Gini,mean concave points,radius error,0.6980498335607405,0.01964431877371828,0.007278943450329482
WDBC,ACP-Gini,mean concavity,radius error,0.6319248221414905,0.019346677580177097,0.007168656428354793
WDBC,ACP-Gini,mean concavity,worst radius,0.6882364076436728,0.019346677580177097,0.007168656428354793
WDBC,ACP-Gini,mean concave points,worst concavity,0.7523994975749646,0.011905647741647443,0.004411480878987565
WDBC,ACP-Gini,mean concavity,worst area,0.6759872313060885,0.011310365354565071,0.0041909068350381865
WDBC,ACP-Gini,mean concavity,area error,0.6174268058452415,0.011012724161023885,0.004080619813063497
WDBC,ACP-Gini,worst perimeter,worst area,0.9775780914063879,0.010938313862638589,0.004053048057569826
WDBC,ACP-Gini,worst radius,worst perimeter,0.9937079161029507,0.010417441773941513,0.0038600457691141195
WDBC,ACP-Gini,worst concave points,worst fractal dimension,0.5111141458863394,0.0025299501451000817,0.0009374396867848576
WDBC,ACP-Gini,mean concave points,concave points error,0.6156341308969189,0.002157898653173599,0.0007995809093164962
WDBC,ACP-Gini,mean area,worst area,0.9592133256499,0.0017114368628618202,0.0006341503763544625
WDBC,ACP-Gini,worst concave points,worst symmetry,0.5025284938306979,0.001562616266091227,0.0005790068653671179
WDBC,ACP-Gini,mean area,worst perimeter,0.9591195743552656,0.0012649750725500408,0.0004687198433924288
WDBC,ACP-Gini,worst smoothness,worst concave points,0.5476909029497875,0.0011161544757794478,0.0004135763324050842
WDBC,ACP-Gini,mean smoothness,worst concave points,0.5030533532989502,0.0008929235806235583,0.00033086106592406737
Wine,CART,density,alcohol,0.68674542168134,0.5264549332017343,0.026586086585018515
Wine,CART,free_sulfur_dioxide,total_sulfur_dioxide,0.720934081378524,0.24593746695336458,0.012419894616918257
Wine,CART,residual_sugar,density,0.5525169502934877,0.22760759984490112,0.011494232412418115
Wine,ACP-Gini,,,,0.0,0.0
Ionosphere,CART,Attribute5,Attribute7,0.5970750758942848,0.3420647149460709,0.005964855714976625
Ionosphere,CART,Attribute5,Attribute23,0.5028784328496066,0.2942989214175655,0.005131925412434843
Ionosphere,CART,Attribute23,Attribute27,0.5691763204425829,0.2049306625577812,0.003573539685098608
Ionosphere,CART,Attribute27,Attribute29,0.5090695257166993,0.05238828967642527,0.0009135364608522758
Ionosphere,CART,Attribute25,Attribute27,0.5035257184385781,0.040061633281972264,0.0006985867053576226
Ionosphere,CART,Attribute20,Attribute22,0.5369664789763056,0.03697996918335902,0.0006448492664839593
Ionosphere,CART,Attribute29,Attribute33,0.5796840111107018,0.029275808936825885,0.0005105056692998012
Ionosphere,ACP-Gini,Attribute5,Attribute7,0.5970750758942848,0.6072607260726073,0.005674808783617074
Ionosphere,ACP-Gini,Attribute5,Attribute23,0.5028784328496066,0.19141914191419143,0.0017887984209227733
Ionosphere,ACP-Gini,Attribute27,Attribute29,0.5090695257166993,0.10231023102310231,0.0009560819146311374
Ionosphere,ACP-Gini,Attribute25,Attribute27,0.5035257184385781,0.052805280528052806,0.0004934616333580064
Ionosphere,ACP-Gini,Attribute20,Attribute22,0.5369664789763056,0.0462046204620462,0.0004317789291882556
Sonar,CART,Attribute9,Attribute11,0.7280625430106782,0.1750524109014675,0.010447947947947948
Sonar,CART,Attribute11,Attribute13,0.6469782607161902,0.16457023060796647,0.009822322322322323
Sonar,CART,Attribute48,Attribute51,0.5735720676378615,0.13626834381551362,0.008133133133133134
Sonar,CART,Attribute8,Attribute11,0.5845833251617175,0.12683438155136267,0.00757007007007007
Sonar,CART,Attribute16,Attribute18,0.7748550042384679,0.11006289308176101,0.006569069069069069
Sonar,CART,Attribute10,Attribute11,0.8531401908112696,0.06813417190775681,0.004066566566566567
Sonar,CART,Attribute3,Attribute5,0.5461413776677557,0.0649895178197065,0.003878878878878879
Sonar,CART,Attribute45,Attribute48,0.6222822639707157,0.041928721174004195,0.0025025025025025025
Sonar,CART,Attribute42,Attribute45,0.5705347703754046,0.040880503144654086,0.00243993993993994
Sonar,CART,Attribute17,Attribute19,0.7472197841543626,0.01781970649895178,0.0010635635635635637
Sonar,CART,Attribute36,Attribute40,0.514495522168481,0.016771488469601678,0.001001001001001001
Sonar,CART,Attribute15,Attribute16,0.9126254264725189,0.013626834381551363,0.0008133133133133133
Sonar,CART,Attribute4,Attribute5,0.7269434668846624,0.012578616352201259,0.0007507507507507507
Sonar,CART,Attribute1,Attribute3,0.571536613579282,0.010482180293501049,0.0006256256256256256
Sonar,ACP-Gini,Attribute8,Attribute11,0.5845833251617175,0.47764227642276424,0.0157771064115475
Sonar,ACP-Gini,Attribute9,Attribute11,0.7280625430106782,0.26422764227642276,0.00872776099362202
Sonar,ACP-Gini,Attribute48,Attribute51,0.5735720676378615,0.1443089430894309,0.004766700234978181
Sonar,ACP-Gini,Attribute42,Attribute45,0.5705347703754046,0.07926829268292683,0.0026183282980866062
Sonar,ACP-Gini,Attribute37,Attribute40,0.524926639006334,0.034552845528455285,0.0011413225914736489
Pima,CART,preg,age,0.5443412284023389,1.0,0.030681869530508655
Pima,ACP-Gini,preg,age,0.5443412284023389,1.0,0.02880239330384138
Diabetes,CART,s1,s5,0.5155029243689462,0.7486725663716814,0.032348517678248236
Diabetes,CART,s4,s5,0.6178589739937287,0.10737463126843658,0.004639424915241276
Diabetes,CART,s1,s2,0.8966629578104894,0.09852507374631268,0.0042570547299191925
Diabetes,CART,s2,s4,0.6598168886666439,0.01592920353982301,0.0006882663335797496
Diabetes,CART,s3,s4,0.7384927292583828,0.01592920353982301,0.0006882663335797496
Diabetes,CART,s1,s4,0.542207280523241,0.013569321533923304,0.0005863009508271942
Diabetes,ACP-Gini,s1,s5,0.5155029243689462,0.8236074270557029,0.016825620461688524
Diabetes,ACP-Gini,s1,s2,0.8966629578104894,0.08222811671087533,0.0016798526064809797
Diabetes,ACP-Gini,s4,s5,0.6178589739937287,0.07427055702917772,0.0015172862252086268
Diabetes,ACP-Gini,s1,s4,0.542207280523241,0.01989389920424403,0.0004064159531808822
Cultivar,CART,alcohol,proline,0.6437200371782135,0.8057259713701431,0.11289398280802292
Cultivar,CART,flavanoids,od280/od315_of_diluted_wines,0.787193901866951,0.19427402862985685,0.027220630372492838
Cultivar,ACP-Gini,flavanoids,od280/od315_of_diluted_wines,0.787193901866951,1.0,0.03085417343293277
Digits38,CART,pixel_18,pixel_43,0.5238384154808603,0.5734132388994825,0.09145414259025937
Digits38,CART,pixel_35,pixel_43,0.6401260415243637,0.1609915554344865,0.02567667376287092
Digits38,CART,pixel_26,pixel_43,0.5742534992431287,0.1348406428766004,0.021505843506973106
Digits38,CART,pixel_38,pixel_44,0.5379321070134825,0.05992917461182239,0.009558152669765825
Digits38,CART,pixel_37,pixel_43,0.5172653256732459,0.03486788341051485,0.005561107007863753
Digits38,CART,pixel_18,pixel_26,0.6864820015312503,0.030236992645055843,0.0048225224833818485
Digits38,CART,pixel_34,pixel_42,0.68110281343906,0.005720512122037592,0.000912369118477647
Digits38,ACP-Gini,pixel_18,pixel_43,0.5238384154808603,0.7047720797720798,0.09008557902403495
Digits38,ACP-Gini,pixel_35,pixel_43,0.6401260415243637,0.1282051282051282,0.01638747268754552
Digits38,ACP-Gini,pixel_38,pixel_44,0.5379321070134825,0.11431623931623931,0.014612163146394757
Digits38,ACP-Gini,pixel_26,pixel_43,0.5742534992431287,0.04522792022792023,0.005781136198106336
Digits38,ACP-Gini,pixel_34,pixel_42,0.68110281343906,0.007478632478632479,0.0009559359067734887
Parkinsons,CART,Shimmer:APQ5,PPE,0.7024556640756282,0.16621475054229934,0.07157870154133582
Parkinsons,CART,Shimmer:APQ3,PPE,0.6453766860843697,0.11686550976138829,0.05032695002335357
Parkinsons,CART,MDVP:RAP,PPE,0.670999045161556,0.0908351409978308,0.039117234936945355
Parkinsons,CART,RPDE,PPE,0.545885745379411,0.06941431670281996,0.029892573563755253
Parkinsons,CART,spread1,PPE,0.962435293257281,0.06046637744034707,0.02603923400280243
Parkinsons,CART,spread2,PPE,0.6447109591546175,0.05856832971800434,0.025221858944418495
Parkinsons,CART,Shimmer:APQ5,spread1,0.6468089329108883,0.057483731019522775,0.02475478748248482
Parkinsons,CART,MDVP:APQ,spread1,0.6731581405432583,0.05721258134490238,0.024638019617001402
Parkinsons,CART,Shimmer:APQ3,spread1,0.6109673624504391,0.056670281995661605,0.024404483886034563
Parkinsons,CART,MDVP:Jitter,PPE,0.7215429322160543,0.049078091106290675,0.021134983652498832
Parkinsons,CART,spread1,spread2,0.6523578119076809,0.03335140997830802,0.014362447454460532
Parkinsons,CART,MDVP:Jitter,MDVP:RAP,0.9902755852458318,0.026301518438177875,0.011326482951891639
Parkinsons,CART,Shimmer:APQ3,Shimmer:APQ5,0.9600697638028987,0.024945770065075923,0.010742643624474545
Parkinsons,CART,MDVP:APQ,spread2,0.5021878857205964,0.02467462039045553,0.010625875758991125
Parkinsons,CART,Shimmer:APQ3,MDVP:APQ,0.896644519268466,0.02440347071583514,0.010509107893507707
Parkinsons,CART,MDVP:Fo,MDVP:Flo,0.5965455187557578,0.020607375271149676,0.008874357776739842
Parkinsons,CART,HNR,spread1,0.6732098179814576,0.011659436008676789,0.005021018215787015
Parkinsons,CART,Shimmer:DDA,PPE,0.6453889543264242,0.009761388286334056,0.004203643157403083
Parkinsons,CART,HNR,PPE,0.6928758533354253,0.009761388286334056,0.004203643157403083
Parkinsons,CART,Shimmer:APQ5,HNR,0.813752788876094,0.008405639913232104,0.003619803829985988
Parkinsons,CART,RPDE,spread1,0.5911169605769877,0.008134490238611713,0.003503035964502569
Parkinsons,CART,MDVP:Jitter,Shimmer:APQ5,0.7255610027610427,0.007592190889370932,0.003269500233535731
Parkinsons,CART,MDVP:Jitter,spread1,0.6935767056718971,0.003796095444685466,0.0016347501167678655
Parkinsons,CART,MDVP:Shimmer,PPE,0.6937707204181819,0.003796095444685466,0.0016347501167678655
Parkinsons,ACP-Gini,Shimmer:APQ3,PPE,0.6453766860843697,0.2457831325301205,0.07659095175520932
Parkinsons,ACP-Gini,Shimmer:APQ5,PPE,0.7024556640756282,0.19578313253012047,0.06100994931481134
Parkinsons,ACP-Gini,NHR,PPE,0.5525912721487581,0.13132530120481928,0.04092359677116576
Parkinsons,ACP-Gini,RPDE,PPE,0.545885745379411,0.1216867469879518,0.03792003003566736
Parkinsons,ACP-Gini,spread2,PPE,0.6447109591546175,0.1144578313253012,0.03566735498404355
Parkinsons,ACP-Gini,RPDE,spread1,0.5911169605769877,0.09819277108433735,0.030598836117889994
Parkinsons,ACP-Gini,Shimmer:APQ3,spread1,0.6109673624504391,0.07951807228915662,0.024779425567861835
Parkinsons,ACP-Gini,HNR,spread1,0.6732098179814576,0.01325301204819277,0.004129904261310306
Musk1,CART,f50,f109,0.6280273547814068,0.04332067656196065,0.0037764805007221955
Musk1,CART,f23,f51,0.6205834122454436,0.037452537107352434,0.0032649253731343282
Musk1,CART,f92,f102,0.8418524654006115,0.030031066620642043,0.0026179585941261433
Musk1,CART,f3,f136,0.7396250693684859,0.0298584742837418,0.0026029128550794415
Musk1,CART,f116,f127,0.5903423863098693,0.028822920262340353,0.00251263842079923
Musk1,CART,f20,f109,0.8388777882825772,0.027959958577839145,0.0024374097255657197
Musk1,CART,f42,f92,0.5902688459281863,0.02744218156713842,0.0023922725084256137
Musk1,CART,f115,f116,0.6629413907501892,0.026406627545736968,0.002301998074145402
Musk1,CART,f6,f59,0.8275635126719495,0.02623403520883673,0.0022869523350987
Musk1,CART,f50,f115,0.6854992637027785,0.02623403520883673,0.0022869523350987
Musk1,CART,f12,f23,0.5162588234253312,0.02554366586123576,0.0022267693789118923
Musk1,CART,f12,f79,0.9678248002435983,0.02433551950293407,0.0021214492055849784
Musk1,CART,f23,f79,0.5727231880323637,0.02433551950293407,0.0021214492055849784
Musk1,CART,f51,f81,0.6506655528888958,0.02347255781843286,0.0020462205103514686
Musk1,CART,f81,f115,0.6090772077056803,0.02347255781843286,0.0020462205103514686
Musk1,CART,f51,f110,0.5780843438395155,0.022782188470831896,0.0019860375541646607
Musk1,CART,f34,f116,0.6031384427550796,0.021746634449430445,0.0018957631198844487
Musk1,CART,f9,f23,0.8115546850808848,0.02105626510182948,0.0018355801636976408
Musk1,CART,f51,f79,0.8221551376550599,0.02002071108042803,0.001745305729417429
Musk1,CART,f26,f86,0.9566315806214895,0.018985157059026578,0.0016550312951372171
Musk1,CART,f14,f19,0.6325373415105999,0.018639972385226095,0.0016249398170438132
Musk1,CART,f3,f86,0.5647997946952706,0.017086641353123922,0.0014895281656234953
Musk1,CART,f55,f115,0.6713025689718846,0.016568864342423197,0.0014443909484833895
Musk1,CART,f55,f127,0.564751701118793,0.016396272005522954,0.0014293452094366874
Musk1,CART,f26,f34,0.5906833846764541,0.016223679668622714,0.0014142994703899856
Musk1,CART,f4,f86,0.5314235417903775,0.01570590265792199,0.0013691622532498796
Musk1,CART,f23,f118,0.7583555750811823,0.015533310321021747,0.0013541165142031777
Musk1,CART,f3,f41,0.9166349635318942,0.015188125647221263,0.0013240250361097737
Musk1,CART,f3,f153,0.5261232140733896,0.01484294097342078,0.0012939335580163698
Musk1,CART,f4,f153,0.8369939025313937,0.01484294097342078,0.0012939335580163698
Musk1,CART,f86,f153,0.6592522737068421,0.01484294097342078,0.0012939335580163698
Musk1,CART,f89,f115,0.5393661890039049,0.01484294097342078,0.0012939335580163698
Musk1,CART,f3,f26,0.532102444978831,0.014497756299620296,0.0012638420799229659
Musk1,CART,f3,f138,0.5824572454632597,0.014325163962720055,0.0012487963408762638
Musk1,CART,f89,f151,0.5230692198689694,0.014152571625819814,0.001233750601829562
Musk1,CART,f131,f151,0.5307947863424047,0.014152571625819814,0.001233750601829562
Musk1,CART,f84,f122,0.5235807203426421,0.013634794615119088,0.001188613384689456
Musk1,CART,f6,f55,0.6263881653214541,0.013289609941318605,0.001158521906596052
Musk1,CART,f41,f136,0.6135941071517534,0.013117017604418364,0.00114347616754935
Musk1,CART,f3,f35,0.5188308467411488,0.011908871246116672,0.0010381559942224362
Musk1,CART,f3,f70,0.6876843334252062,0.011908871246116672,0.0010381559942224362
Musk1,CART,f43,f50,0.7925172099968446,0.010873317224715223,0.0009478815599422243
Musk1,CART,f43,f109,0.5218237893041969,0.010873317224715223,0.0009478815599422243
Musk1,CART,f10,f116,0.5834452666892852,0.009492578529513289,0.0008275156475686086
Musk1,CART,f3,f23,0.5069647247962306,0.009492578529513289,0.0008275156475686086
Musk1,CART,f21,f57,0.5504376993483422,0.009319986192613048,0.0008124699085219066
Musk1,CART,f28,f118,0.6963893168931121,0.0075940628236106315,0.0006620125180548869
Musk1,CART,f64,f127,0.732852467704426,0.00742147048671039,0.0006469667790081849
Musk1,CART,f55,f64,0.7380666917067669,0.0060407317915084574,0.0005266008666345691
Musk1,CART,f10,f127,0.8649435152759763,0.005522954780807732,0.00048146364949446316
Musk1,CART,f24,f50,0.5638859831781139,0.005005177770107007,0.00043632643235435724
Musk1,CART,f12,f110,0.8328241028467606,0.005005177770107007,0.00043632643235435724
Musk1,CART,f28,f57,0.566333902801409,0.004659993096306524,0.0004062349542609533
Musk1,CART,f9,f118,0.8493121640253972,0.0044874007594062825,0.0003911892152142513
Musk1,CART,f43,f127,0.6966753977027909,0.00431480842250604,0.00037614347616754935
Musk1,CART,f34,f127,0.8692078674146284,0.004142216085605799,0.0003610977371208474
Musk1,CART,f27,f85,0.5230731651823679,0.003969623748705558,0.0003460519980741454
Musk1,CART,f50,f85,0.65498210436447,0.003969623748705558,0.0003460519980741454
Musk1,CART,f30,f127,0.7825669755954244,0.003969623748705558,0.0003460519980741454
Musk1,CART,f24,f116,0.5384061941481229,0.003624439074905074,0.00031596051998074147
Musk1,CART,f7,f83,0.5249712948099182,0.0034518467380048328,0.0003009147809340395
Musk1,CART,f9,f141,0.5254247373387458,0.0034518467380048328,0.0003009147809340395
Musk1,CART,f51,f141,0.8353022822691386,0.0034518467380048328,0.0003009147809340395
Musk1,CART,f9,f83,0.5666064247011958,0.003279254401104591,0.0002858690418873375
Musk1,CART,f3,f24,0.5021889135501892,0.003279254401104591,0.0002858690418873375
Musk1,CART,f12,f51,0.8922989688331644,0.003279254401104591,0.0002858690418873375
Musk1,CART,f61,f115,0.5830855865762893,0.0031066620642043494,0.00027082330284063555
Musk1,CART,f70,f136,0.6929117039739446,0.002761477390403866,0.00024073182474723158
Musk1,CART,f50,f64,0.5207157290480955,0.002761477390403866,0.00024073182474723158
Musk1,CART,f64,f115,0.8734783852697992,0.002761477390403866,0.00024073182474723158
Musk1,CART,f10,f115,0.7378200918613922,0.0020711080428028996,0.0001805488685604237
Musk1,CART,f1,f42,0.5204847708681589,0.0018985157059026579,0.00016550312951372172
Musk1,CART,f7,f55,0.5085505887323709,0.0017259233690024164,0.00015045739046701975
Musk1,CART,f7,f115,0.6978038529813871,0.0017259233690024164,0.00015045739046701975
Musk1,ACP-Gini,f51,f110,0.5780843438395155,0.21761658031088082,0.006004574914220359
Musk1,ACP-Gini,f55,f127,0.564751701118793,0.1070811744386874,0.0029546321006481127
Musk1,ACP-Gini,f99,f138,0.6451721156053554,0.09959700633275763,0.0027481255559791587
Musk1,ACP-Gini,f51,f140,0.6357415595087043,0.07714450201496834,0.0021286059219722962
Musk1,ACP-Gini,f116,f127,0.5903423863098693,0.07253886010362694,0.002001524971406786
Musk1,ACP-Gini,f50,f127,0.6512025763906659,0.059297639608520435,0.0016361672385309441
Musk1,ACP-Gini,f70,f71,0.6109330143118978,0.05181347150259067,0.0014296606938619901
Musk1,ACP-Gini,f55,f115,0.6713025689718846,0.051237766263673,0.0014137755750413014
Musk1,ACP-Gini,f43,f109,0.5218237893041969,0.050662061024755324,0.0013978904562206124
Musk1,ACP-Gini,f136,f148,0.6719725759349996,0.04720782959124928,0.0013025797432964798
Musk1,ACP-Gini,f84,f122,0.5235807203426421,0.04548071387449626,0.0012549243868344136
Musk1,ACP-Gini,f41,f136,0.6135941071517534,0.04375359815774323,0.0012072690303723472
Musk1,ACP-Gini,f21,f51,0.8843618877471395,0.023028209556706966,0.0006354047528275512
Musk1,ACP-Gini,f21,f118,0.5921511420828127,0.023028209556706966,0.0006354047528275512
Musk1,ACP-Gini,f23,f99,0.5809455839028017,0.018422567645365574,0.000508323802262041
Musk1,ACP-Gini,f24,f116,0.5384061941481229,0.012089810017271158,0.0003335874952344644
Landsat,CART,Attribute29,Attribute30,0.8073423805258901,0.03850072005075084,0.018824096745601315
Landsat,CART,Attribute17,Attribute29,0.9360470028882952,0.03835485768000111,0.018752780485154334
Landsat,CART,Attribute21,Attribute33,0.9352163293133494,0.033333024629903174,0.016297463518336767
Landsat,CART,Attribute20,Attribute24,0.9477411790801036,0.031193709858907098,0.015251491698447682
Landsat,CART,Attribute33,Attribute34,0.8051921863116186,0.03118676403172854,0.015248095686045446
Landsat,CART,Attribute21,Attribute22,0.80814530139767,0.026308478076654148,0.012862962975540787
Landsat,CART,Attribute17,Attribute30,0.7737280579647674,0.023326402941326284,0.01140494165084691
Landsat,CART,Attribute18,Attribute29,0.7574108536239114,0.021485758739008227,0.010504998364254026
Landsat,CART,Attribute16,Attribute32,0.9061912760607808,0.018607871011358742,0.009097917225593707
Landsat,CART,Attribute20,Attribute36,0.9096755866914352,0.01849905305222799,0.009044713031291991
Landsat,CART,Attribute24,Attribute36,0.9269065294150731,0.01800821459827651,0.008804728154867221
Landsat,CART,Attribute20,Attribute32,0.9258583101986341,0.01751737614432503,0.008564743278442453
Landsat,CART,Attribute16,Attribute24,0.8625512364954063,0.016822793426469158,0.008225142038218723
Landsat,CART,Attribute1,Attribute33,0.8224963542472671,0.016602842232481468,0.008117601645481209
Landsat,CART,Attribute18,Attribute30,0.9439518612495619,0.016577374199493417,0.008105149600006339
Landsat,CART,Attribute13,Attribute29,0.9189392055363166,0.014037516727867122,0.006863341064921569
Landsat,CART,Attribute21,Attribute25,0.8610726624501884,0.013625397648605972,0.0066618443290554896
Landsat,CART,Attribute21,Attribute34,0.7713550766671119,0.013449436693415818,0.006575812014865478
Landsat,CART,Attribute32,Attribute36,0.9483512715380807,0.0132341160508805,0.006470535630396122
Landsat,CART,Attribute29,Attribute33,0.9524410026344549,0.013102145334487884,0.006406011394753614
Landsat,CART,Attribute14,Attribute21,0.7269177784481392,0.012956282963738151,0.0063346951343066305
Landsat,CART,Attribute14,Attribute22,0.8897262172219014,0.012956282963738151,0.0063346951343066305
Landsat,CART,Attribute5,Attribute21,0.9159359865037471,0.012433030649620064,0.006078862200004754
Landsat,CART,Attribute17,Attribute18,0.808397661839606,0.011067017971170186,0.0054109797608980865
Landsat,CART,Attribute13,Attribute21,0.8835846257476091,0.011032288835277394,0.005393999698886901
Landsat,CART,Attribute18,Attribute21,0.7852363789315201,0.010983668045027482,0.005370227612071239
Landsat,CART,Attribute4,Attribute32,0.8061623978927223,0.010759086299587418,0.005260423211065567
Landsat,CART,Attribute4,Attribute16,0.9213998115186992,0.010731302990873184,0.005246839161456618
Landsat,CART,Attribute5,Attribute13,0.9099040063650381,0.010687312752075644,0.005225331082909115
Landsat,CART,Attribute22,Attribute25,0.6781066825878248,0.010485883763897443,0.005126846723244234
Landsat,CART,Attribute17,Attribute33,0.9189300670615158,0.010460415730909394,0.005114394677769364
Landsat,CART,Attribute21,Attribute29,0.909489748762048,0.010212681228207468,0.0049932702354229
Landsat,CART,Attribute9,Attribute21,0.9342084515240517,0.010027459170112569,0.004902709904696572
Landsat,CART,Attribute2,Attribute33,0.6659904388806928,0.009569034576327694,0.004678573086148911
Landsat,CART,Attribute2,Attribute21,0.7083888164092861,0.009444009687113638,0.00461744486290864
Landsat,CART,Attribute4,Attribute24,0.8296092558437781,0.009261102904744927,0.004528016536316391
Landsat,CART,Attribute12,Attribute20,0.888741340757188,0.009112925258269008,0.004455568271735329
Landsat,CART,Attribute2,Attribute34,0.8358327114885586,0.00902494478067393,0.0044125521146403225
Landsat,CART,Attribute18,Attribute22,0.959476608373777,0.008793417208055307,0.004299351701232413
Landsat,CART,Attribute14,Attribute25,0.7582996079076277,0.008522529948091518,0.004166907217545158
Landsat,CART,Attribute29,Attribute34,0.7702359800016068,0.008462332779210676,0.004137475110059102
Landsat,CART,Attribute24,Attribute32,0.8930693585950407,0.007496862801391018,0.0036654293861481183
Landsat,CART,Attribute12,Attribute16,0.8386048307938704,0.007425089253879244,0.003630337257991666
Landsat,CART,Attribute16,Attribute36,0.8390577743154686,0.007307010191843747,0.003572605047153632
Landsat,CART,Attribute25,Attribute33,0.8830498597731652,0.00705927568914182,0.0034514806048071686
Landsat,CART,Attribute7,Attribute36,0.7058793488802235,0.007045384034784703,0.0034446885800026943
Landsat,CART,Attribute12,Attribute24,0.9218757177954824,0.006999078520260978,0.0034220484973211123
Landsat,CART,Attribute16,Attribute20,0.9471939091709076,0.006663363539963974,0.003257907897879643
Landsat,CART,Attribute4,Attribute12,0.8587514667258433,0.006600851095356946,0.0032273437862595073
Landsat,CART,Attribute25,Attribute29,0.9526109976361509,0.006399422107178744,0.003128859426594626
Landsat,CART,Attribute21,Attribute26,0.7066865875139765,0.006265136115059943,0.003063203186818038
Landsat,CART,Attribute2,Attribute29,0.6846402253915225,0.0062026236704529145,0.0030326390751979028
Landsat,CART,Attribute1,Attribute29,0.8527489028087407,0.005897007274596332,0.002883214529499462
Landsat,CART,Attribute12,Attribute32,0.7908145711163146,0.005533508985585093,0.0027054898804490433
Landsat,CART,Attribute27,Attribute32,0.8242875207384963,0.005295035585787911,0.0025888934546388965
Landsat,CART,Attribute26,Attribute29,0.7867489053129064,0.005107498251966827,0.0024972011197784893
Landsat,CART,Attribute9,Attribute29,0.8332326357971936,0.0050125719471931915,0.0024507889502812462
Landsat,CART,Attribute1,Attribute25,0.8557159343297943,0.004966266432669467,0.0024281488675996646
Landsat,CART,Attribute17,Attribute21,0.9529526451807456,0.004931537296776673,0.002411168805588478
Landsat,CART,Attribute21,Attribute30,0.7500764906392623,0.004931537296776673,0.002411168805588478
Landsat,CART,Attribute6,Attribute33,0.683684901462322,0.004762522168765078,0.0023285325038007038
Landsat,CART,Attribute26,Attribute30,0.9595902176491229,0.004667595863991443,0.0022821203343034607
Landsat,CART,Attribute9,Attribute30,0.6775135081948103,0.004630551452372463,0.0022640082681581954
Landsat,CART,Attribute17,Attribute26,0.7522177153289591,0.004628236176646277,0.0022628762640241164
Landsat,CART,Attribute22,Attribute26,0.85925985142096,0.004498580735979848,0.0021994840325156866
Landsat,CART,Attribute6,Attribute21,0.7512394176091104,0.00446616687581324,0.0021836359746385792
Landsat,CART,Attribute28,Attribute32,0.9477819893402282,0.004433753015646634,0.002167787916761472
Landsat,CART,Attribute26,Attribute33,0.7260167705999842,0.004419861361289516,0.0021609958919569976
Landsat,CART,Attribute18,Attribute34,0.9315968287186677,0.004324935056515881,0.0021145837224597545
Landsat,CART,Attribute6,Attribute22,0.9278361884566816,0.004169811582861403,0.0020387394454764547
Landsat,CART,Attribute25,Attribute30,0.7700520800142276,0.004081831105266326,0.001995723288381449
Landsat,CART,Attribute2,Attribute25,0.6776936169684225,0.0040332103150164155,0.001971951201565788
Landsat,CART,Attribute2,Attribute30,0.8594974649569911,0.004019318660659298,0.0019651591767613137
Landsat,CART,Attribute8,Attribute36,0.8101122483614012,0.003891978495719055,0.0019028989493869632
Landsat,CART,Attribute12,Attribute36,0.8098406115336421,0.003841042429742958,0.001877994858437223
Landsat,CART,Attribute9,Attribute33,0.852607685530903,0.0037924216394930473,0.001854222771621562
Landsat,CART,Attribute11,Attribute20,0.78808861640343,0.0037924216394930473,0.001854222771621562
Landsat,CART,Attribute11,Attribute36,0.7154896659600556,0.0037924216394930473,0.001854222771621562
Landsat,CART,Attribute2,Attribute26,0.8535107944459326,0.0037831605365883023,0.0018496947550852457
Landsat,CART,Attribute13,Attribute34,0.6999284813779367,0.00377852998513593,0.0018474307468170873
Landsat,CART,Attribute7,Attribute32,0.7105458156548687,0.0036650814745528043,0.0017919625442472116
Landsat,CART,Attribute1,Attribute5,0.9528480471043738,0.0036627661988266184,0.0017908305401131326
Landsat,CART,Attribute19,Attribute32,0.8113092756295682,0.003660450923100432,0.0017896985359790534
Landsat,CART,Attribute7,Attribute20,0.8069421064291765,0.0036442439930171283,0.0017817745070404997
Landsat,CART,Attribute19,Attribute36,0.7878697110534529,0.0036349828901123837,0.0017772464905041834
Landsat,CART,Attribute5,Attribute29,0.854255999566185,0.003621091235755266,0.0017704544656997087
Landsat,CART,Attribute8,Attribute16,0.88954622124696,0.0036164606843028936,0.0017681904574315505
Landsat,CART,Attribute20,Attribute28,0.890759262810892,0.003570155169779169,0.0017455503747499685
Landsat,CART,Attribute4,Attribute27,0.7038004727144126,0.003551632963969679,0.0017364943416773358
Landsat,CART,Attribute16,Attribute27,0.8088871203888236,0.003551632963969679,0.0017364943416773358
Landsat,CART,Attribute1,Attribute13,0.9359977005275295,0.0035284802067078167,0.0017251743003365448
Landsat,CART,Attribute14,Attribute18,0.9595909524077194,0.003526164930981631,0.0017240422962024658
Landsat,CART,Attribute8,Attribute32,0.8080333475840303,0.0035145885523506994,0.0017183822755320703
Landsat,CART,Attribute7,Attribute11,0.9347418321419271,0.003500696897993582,0.0017115902507275956
Landsat,CART,Attribute22,Attribute33,0.7565396906810563,0.0034844899679102783,0.001703666221789042
Landsat,CART,Attribute9,Attribute13,0.860631273068373,0.003461337210648416,0.001692346180448251
Landsat,CART,Attribute7,Attribute19,0.9102831073692502,0.0034358691776603676,0.001679894134973381
Landsat,CART,Attribute22,Attribute29,0.7265282358214328,0.0033571498029700358,0.0016414059944146915
Landsat,CART,Attribute14,Attribute33,0.7095041753433807,0.0032969526340891936,0.001611973886928635
Landsat,CART,Attribute25,Attribute34,0.706576607476392,0.003259908222470214,0.0015938618207833695
Landsat,CART,Attribute22,Attribute30,0.9118535360325483,0.0032552776710178415,0.0015915978125152113
Landsat,CART,Attribute1,Attribute34,0.6669534424327663,0.003100154197363364,0.0015157535355319117
Landsat,CART,Attribute17,Attribute22,0.7723157908959999,0.0030955236459109916,0.0015134895272637535
Landsat,CART,Attribute4,Attribute20,0.9007423556804842,0.003088577818732433,0.0015100935148615164
Landsat,CART,Attribute14,Attribute34,0.8794626227731064,0.0029566071023398176,0.0014455692792190078
Landsat,CART,Attribute9,Attribute22,0.7715664250162514,0.0029427154479827002,0.001438777254414533
Landsat,CART,Attribute13,Attribute17,0.9526287626577246,0.0027852766986020366,0.0013618009732971545
Landsat,CART,Attribute13,Attribute30,0.7528526387660862,0.0027852766986020366,0.0013618009732971545
Landsat,CART,Attribute18,Attribute26,0.9110425289439711,0.0027250795297211945,0.001332368865811098
Landsat,CART,Attribute6,Attribute26,0.8277249613234379,0.002690350393828401,0.0013153888037999114
Landsat,CART,Attribute2,Attribute17,0.7526905160232521,0.0023731576193408875,0.001160304237431075
Landsat,CART,Attribute2,Attribute18,0.9279374598805373,0.0023245368290909763,0.001136532150615414
Landsat,CART,Attribute25,Attribute26,0.8087371573004765,0.0022851771417458106,0.0011172880803360693
Landsat,CART,Attribute30,Attribute33,0.7843036098549494,0.002099955083650912,0.0010267277496097415
Landsat,CART,Attribute5,Attribute33,0.8508644200113258,0.002097639807924726,0.0010255957454756626
Landsat,CART,Attribute9,Attribute25,0.8000957812974856,0.0020189204332343937,0.0009871076049169732
Landsat,CART,Attribute5,Attribute34,0.6958770598660131,0.0019054719226512685,0.0009316394023470973
Landsat,CART,Attribute23,Attribute32,0.7915319627624777,0.0018846344411155925,0.0009214513651403855
Landsat,CART,Attribute2,Attribute5,0.7880636216389001,0.001859166408127544,0.0009089993196655154
Landsat,CART,Attribute2,Attribute22,0.8740528232213188,0.001840644202318054,0.0008999432865928826
Landsat,CART,Attribute2,Attribute9,0.7260336396069907,0.0017873928606157708,0.0008739071915090634
Landsat,CART,Attribute26,Attribute34,0.8912912071436283,0.0017665553790800947,0.0008637191543023515
Landsat,CART,Attribute31,Attribute36,0.8241539420689521,0.00170172765874688,0.0008320230385481368
Landsat,CART,Attribute18,Attribute33,0.7505520594349616,0.0016577374199493419,0.0008105149600006339
Landsat,CART,Attribute6,Attribute34,0.8609104817858553,0.0016461610413184107,0.0008048549393302384
Landsat,CART,Attribute1,Attribute21,0.8627778001515443,0.0014840917404853745,0.0007256146499447017
Landsat,CART,Attribute6,Attribute14,0.9107613224533984,0.0014377862259616497,0.0007029745672631196
Landsat,CART,Attribute14,Attribute29,0.7523285866429938,0.0013660126784498766,0.0006678824391066677
Landsat,CART,Attribute13,Attribute14,0.8096058785590491,0.0011460614844621846,0.0005603420463691533
Landsat,CART,Attribute10,Attribute29,0.6523121006167049,0.0008172923313437397,0.0003995974593299215
Landsat,CART,Attribute14,Attribute30,0.9305314209984584,0.00078024791972476,0.00038148539318465593
Landsat,CART,Attribute14,Attribute17,0.7875237846144397,0.0007432035081057803,0.00036337332703939037
Landsat,CART,Attribute1,Attribute2,0.8104926201562132,0.000590395310177489,0.0002886610541901699
Landsat,CART,Attribute2,Attribute13,0.7599088515810695,0.0005255675898442746,0.0002569649384359552
Landsat,CART,Attribute1,Attribute17,0.9173349959102691,0.0005232523141180883,0.00025583293430187605
Landsat,CART,Attribute6,Attribute29,0.6779442481506586,0.00047231624814199124,0.0002309288433521359
Landsat,CART,Attribute10,Attribute17,0.7295733519595263,0.0004121190792611492,0.00020149673586607937
Landsat,CART,Attribute22,Attribute34,0.9433217996501584,0.00036581356473742456,0.00017885665318449743
Landsat,CART,Attribute3,Attribute24,0.7145556519214626,0.0003542371861064934,0.00017319663251410194
Landsat,CART,Attribute16,Attribute23,0.7648067398742785,0.00034729135892793474,0.00016980062011186464
Landsat,CART,Attribute23,Attribute24,0.8678066588453446,0.00032876915311844487,0.00016074458703923186
Landsat,CART,Attribute18,Attribute25,0.725414234052932,0.00032876915311844487,0.00016074458703923186
Landsat,CART,Attribute11,Attribute32,0.7022025704195075,0.0003241386016660724,0.00015848057877107367
Landsat,CART,Attribute24,Attribute31,0.7791869984705339,0.0003171927744875137,0.00015508456636883637
Landsat,CART,Attribute16,Attribute28,0.9232743006345964,0.000280148362868534,0.0001369725002235708
Landsat,CART,Attribute17,Attribute25,0.9095250344225266,0.0002708872599637891,0.00013244448368725443
Landsat,CART,Attribute20,Attribute23,0.8370072765094307,0.0002639414327852304,0.00012904847128501713
Landsat,CART,Attribute10,Attribute13,0.6807538629943072,0.0002477345027019268,0.00012112444234646346
Landsat,CART,Attribute5,Attribute6,0.8106434217731102,0.00023615812407099562,0.00011546442167606796
Landsat,CART,Attribute13,Attribute33,0.8650078810519054,0.0002338428483448094,0.00011433241754198886
Landsat,CART,Attribute24,Attribute28,0.8415768843132803,0.00022458174544006445,0.00010980440100567247
Landsat,CART,Attribute10,Attribute14,0.8570396137680787,0.00022226646971387821,0.00010867239687159337
Landsat,CART,Attribute1,Attribute22,0.6976569451746851,0.0001967984367258297,9.622035139672331e-05
Landsat,CART,Attribute1,Attribute18,0.7511508172456413,0.00017364567946396737,8.490031005593232e-05
Landsat,CART,Attribute1,Attribute14,0.774462483821714,0.00016438457655922243,8.037229351961593e-05
Landsat,CART,Attribute2,Attribute14,0.942259717745034,0.00016438457655922243,8.037229351961593e-05
Landsat,CART,Attribute15,Attribute24,0.7442953022161681,0.0001620693008330362,7.924028938553684e-05
Landsat,CART,Attribute13,Attribute22,0.7081713917282136,0.00015975402510684996,7.810828525145774e-05
Landsat,CART,Attribute9,Attribute10,0.8114927168281051,0.00015743874938066373,7.697628111737865e-05
Landsat,CART,Attribute10,Attribute30,0.8277959485610271,0.00015743874938066373,7.697628111737865e-05
Landsat,CART,Attribute6,Attribute9,0.7872660774624222,0.0001528081979282913,7.471227284922044e-05
Landsat,CART,Attribute1,Attribute6,0.7734632565572882,0.00014817764647591882,7.244826458106225e-05
Landsat,CART,Attribute9,Attribute18,0.7480222803655763,0.00014817764647591882,7.244826458106225e-05
Landsat,CART,Attribute8,Attribute24,0.9017522183154772,0.00014123181929736012,6.905225217882496e-05
Landsat,CART,Attribute6,Attribute25,0.6520649127851439,0.00013891654357117388,6.792024804474586e-05
Landsat,CART,Attribute13,Attribute25,0.9359101762001382,0.00013891654357117388,6.792024804474586e-05
Landsat,CART,Attribute31,Attribute35,0.9367680577220739,0.00013660126784498765,6.678824391066677e-05
Landsat,CART,Attribute5,Attribute18,0.77142786390673,0.00012734016494024274,6.226022737435038e-05
Landsat,CART,Attribute9,Attribute26,0.6478487588944043,0.00012039433776168405,5.886421497211308e-05
Landsat,CART,Attribute3,Attribute36,0.6681317330484217,0.00011807906203549781,5.773221083803398e-05
Landsat,CART,Attribute10,Attribute18,0.9091679019433042,0.00010650268340456665,5.207219016763849e-05
Landsat,CART,Attribute7,Attribute16,0.7868731998380607,0.00010650268340456665,5.207219016763849e-05
Landsat,CART,Attribute7,Attribute24,0.7802085433959475,0.00010650268340456665,5.207219016763849e-05
Landsat,CART,Attribute8,Attribute20,0.9211329663149878,0.00010187213195219418,4.9808181899480296e-05
Landsat,CART,Attribute20,Attribute35,0.7977535187417886,0.00010187213195219418,4.9808181899480296e-05
Landsat,CART,Attribute6,Attribute30,0.8550754141552735,9.955685622600796e-05,4.86761777654012e-05
Landsat,CART,Attribute20,Attribute27,0.7790453169553287,9.724158049982173e-05,4.75441736313221e-05
Landsat,CART,Attribute24,Attribute27,0.7322720260677793,9.492630477363549e-05,4.6412169497243005e-05
Landsat,CART,Attribute13,Attribute26,0.7745839283409558,8.79804775950768e-05,4.301615709500571e-05
Landsat,CART,Attribute6,Attribute17,0.7595846313829867,7.177354751177317e-05,3.5092128156452026e-05
Landsat,CART,Attribute12,Attribute23,0.8062780594328752,6.945827178558694e-05,3.396012402237293e-05
Landsat,CART,Attribute9,Attribute34,0.6967424304679513,6.482772033321449e-05,3.1696115754214735e-05
Landsat,CART,Attribute15,Attribute20,0.8199683991128881,4.8620790249910864e-05,2.377208681566105e-05
Landsat,CART,Attribute1,Attribute30,0.6973744227285383,4.8620790249910864e-05,2.377208681566105e-05
Landsat,CART,Attribute8,Attribute27,0.6915335407969948,4.8620790249910864e-05,2.377208681566105e-05
Landsat,CART,Attribute27,Attribute36,0.7509121549872941,4.8620790249910864e-05,2.377208681566105e-05
Landsat,CART,Attribute1,Attribute26,0.7012087467480004,4.630551452372463e-05,2.2640082681581952e-05
Landsat,CART,Attribute17,Attribute34,0.7529239218373716,4.167496307135217e-05,2.037607441342376e-05
Landsat,CART,Attribute4,Attribute31,0.7025767328205157,4.167496307135217e-05,2.037607441342376e-05
Landsat,CART,Attribute3,Attribute20,0.7796491305294321,3.935968734516593e-05,1.924407027934466e-05
Landsat,CART,Attribute3,Attribute32,0.7013483121020782,3.935968734516593e-05,1.924407027934466e-05
Landsat,CART,Attribute9,Attribute14,0.7051334578559607,3.241386016660724e-05,1.5848057877107368e-05
Landsat,CART,Attribute10,Attribute21,0.7601941767267381,3.241386016660724e-05,1.5848057877107368e-05
Landsat,CART,Attribute4,Attribute11,0.7610480824546713,3.241386016660724e-05,1.5848057877107368e-05
Landsat,CART,Attribute11,Attribute16,0.7449980235420253,3.241386016660724e-05,1.5848057877107368e-05
Landsat,CART,Attribute15,Attribute32,0.7837245527757597,3.009858444042101e-05,1.471605374302827e-05
Landsat,CART,Attribute1,Attribute10,0.7097738845146784,2.7783308714234777e-05,1.3584049608949172e-05
Landsat,CART,Attribute4,Attribute28,0.8038276783713798,2.7783308714234777e-05,1.3584049608949172e-05
Landsat,ACP-Gini,Attribute29,Attribute30,0.8073423805258901,0.04537136053446812,0.02072511462894466
Landsat,ACP-Gini,Attribute21,Attribute33,0.9352163293133494,0.040418600549020474,0.01846275094359576
Landsat,ACP-Gini,Attribute17,Attribute29,0.9360470028882952,0.03844245758320747,0.017560071610042527
Landsat,ACP-Gini,Attribute33,Attribute34,0.8051921863116186,0.036948636819650084,0.01687771150015989
Landsat,ACP-Gini,Attribute21,Attribute22,0.80814530139767,0.03121038067624329,0.014256542221976025
Landsat,ACP-Gini,Attribute24,Attribute36,0.9269065294150731,0.023382980365352177,0.010681075963550387
Landsat,ACP-Gini,Attribute16,Attribute32,0.9061912760607808,0.022848291752565954,0.01043683636702413
Landsat,ACP-Gini,Attribute17,Attribute30,0.7737280579647674,0.02064614638341032,0.009430921740093818
Landsat,ACP-Gini,Attribute20,Attribute24,0.9477411790801036,0.020530389054868974,0.009378045126412876
Landsat,ACP-Gini,Attribute14,Attribute21,0.7269177784481392,0.01909169082871223,0.008720864356378304
Landsat,ACP-Gini,Attribute14,Attribute22,0.8897262172219014,0.019047592798791715,0.00870072088449985
Landsat,ACP-Gini,Attribute20,Attribute36,0.9096755866914352,0.018270365021442667,0.008345692192642093
Landsat,ACP-Gini,Attribute13,Attribute29,0.9189392055363166,0.016456833540961557,0.00751729191164066
Landsat,ACP-Gini,Attribute12,Attribute32,0.7908145711163146,0.015150429404566351,0.006920541557241452
Landsat,ACP-Gini,Attribute20,Attribute32,0.9258583101986341,0.014971281158014266,0.006838708702735232
Landsat,ACP-Gini,Attribute32,Attribute36,0.9483512715380807,0.013695194417189412,0.00625580698525246
Landsat,ACP-Gini,Attribute1,Attribute33,0.8224963542472671,0.013684169909709283,0.006250771117282847
Landsat,ACP-Gini,Attribute12,Attribute16,0.8386048307938704,0.013204603834323701,0.006031710860604657
Landsat,ACP-Gini,Attribute21,Attribute34,0.7713550766671119,0.013086090378912322,0.0059775752799313105
Landsat,ACP-Gini,Attribute4,Attribute32,0.8061623978927223,0.01303096784151168,0.005952395940083243
Landsat,ACP-Gini,Attribute16,Attribute36,0.8390577743154686,0.01295104016228075,0.005915885897303545
Landsat,ACP-Gini,Attribute4,Attribute16,0.9213998115186992,0.012771891915728665,0.005834053042797324
Landsat,ACP-Gini,Attribute17,Attribute33,0.9189300670615158,0.012636841699097092,0.005772363660169558
Landsat,ACP-Gini,Attribute8,Attribute36,0.8101122483614012,0.012623061064746933,0.00576606882520754
Landsat,ACP-Gini,Attribute5,Attribute13,0.9099040063650381,0.012601012049786676,0.005755997089268314
Landsat,ACP-Gini,Attribute21,Attribute25,0.8610726624501884,0.012468717960025136,0.005695566673632951
Landsat,ACP-Gini,Attribute16,Attribute20,0.9471939091709076,0.012184836892411831,0.005565893073415401
Landsat,ACP-Gini,Attribute9,Attribute21,0.9342084515240517,0.012013957026469842,0.0054878371198863905
Landsat,ACP-Gini,Attribute16,Attribute24,0.8625512364954063,0.011947809981589072,0.00545762191206871
Landsat,ACP-Gini,Attribute22,Attribute25,0.6781066825878248,0.011911980332278655,0.005441255341167466
Landsat,ACP-Gini,Attribute8,Attribute24,0.9017522183154772,0.011165069950499961,0.005100075286226146
Landsat,ACP-Gini,Attribute2,Attribute33,0.6659904388806928,0.011159557696759897,0.005097557352241339
Landsat,ACP-Gini,Attribute2,Attribute34,0.8358327114885586,0.010453989218031685,0.0047752618021860704
Landsat,ACP-Gini,Attribute18,Attribute29,0.7574108536239114,0.010318939001400112,0.004713572419558304
Landsat,ACP-Gini,Attribute14,Attribute25,0.7582996079076277,0.009616126649541932,0.004392535836495438
Landsat,ACP-Gini,Attribute2,Attribute21,0.7083888164092861,0.009583053127101547,0.0043774282325865985
Landsat,ACP-Gini,Attribute29,Attribute33,0.9524410026344549,0.009048364514315323,0.00413318863606034
Landsat,ACP-Gini,Attribute13,Attribute21,0.8835846257476091,0.008814093730362595,0.004026176441706051
Landsat,ACP-Gini,Attribute4,Attribute12,0.8587514667258433,0.008505407520919004,0.0038851721385568714
Landsat,ACP-Gini,Attribute7,Attribute36,0.7058793488802235,0.008419967587948008,0.003846144161792366
Landsat,ACP-Gini,Attribute20,Attribute28,0.890759262810892,0.008406186953597848,0.003839849326830349
Landsat,ACP-Gini,Attribute26,Attribute29,0.7867489053129064,0.007926620878212266,0.003620789070152159
Landsat,ACP-Gini,Attribute9,Attribute29,0.8332326357971936,0.007877010594551688,0.0035981276642888978
Landsat,ACP-Gini,Attribute21,Attribute26,0.7066865875139765,0.0077061307286097,0.003520071710759887
Landsat,ACP-Gini,Attribute10,Attribute29,0.6523121006167049,0.007499421213357294,0.003425649186329633
Landsat,ACP-Gini,Attribute9,Attribute30,0.6775135081948103,0.0068462191451596896,0.0031272740091300285
Landsat,ACP-Gini,Attribute10,Attribute30,0.8277959485610271,0.0067552669584486314,0.0030857280983807166
Landsat,ACP-Gini,Attribute12,Attribute36,0.8098406115336421,0.00671392505539815,0.003066843593494666
Landsat,ACP-Gini,Attribute29,Attribute34,0.7702359800016068,0.0066312412492971875,0.003029074583722564
Landsat,ACP-Gini,Attribute31,Attribute36,0.8241539420689521,0.006256407994972825,0.0028578550727557024
Landsat,ACP-Gini,Attribute5,Attribute21,0.9159359865037471,0.0062371151068826,0.0028490423038088786
Landsat,ACP-Gini,Attribute1,Attribute29,0.8527489028087407,0.006107577143991092,0.0027898708551659193
Landsat,ACP-Gini,Attribute25,Attribute26,0.8087371573004765,0.005399252538392847,0.002466316338118247
Landsat,ACP-Gini,Attribute26,Attribute33,0.7260167705999842,0.005396496411522816,0.0024650573711258437
Landsat,ACP-Gini,Attribute22,Attribute26,0.85925985142096,0.005341373874122174,0.002439878031277776
Landsat,ACP-Gini,Attribute25,Attribute29,0.9526109976361509,0.005300031971071692,0.002420993526391725
Landsat,ACP-Gini,Attribute28,Attribute32,0.9477819893402282,0.005063005060248933,0.0023127223650450334
Landsat,ACP-Gini,Attribute9,Attribute33,0.852607685530903,0.0049086619555271365,0.002242220213470443
Landsat,ACP-Gini,Attribute12,Attribute24,0.9218757177954824,0.004729513708975052,0.0021603873589642227
Landsat,ACP-Gini,Attribute8,Attribute32,0.8080333475840303,0.004619268634173768,0.002110028679268087
Landsat,ACP-Gini,Attribute19,Attribute36,0.7878697110534529,0.004602731872953575,0.0021024748773136666
Landsat,ACP-Gini,Attribute13,Attribute34,0.6999284813779367,0.004525560320592678,0.0020672238015263717
Landsat,ACP-Gini,Attribute19,Attribute32,0.8113092756295682,0.004390510103961106,0.0020055344188986053
Landsat,ACP-Gini,Attribute26,Attribute30,0.9595902176491229,0.004390510103961106,0.0020055344188986053
Landsat,ACP-Gini,Attribute5,Attribute29,0.854255999566185,0.004340899820300528,0.001982873013035344
Landsat,ACP-Gini,Attribute8,Attribute16,0.88954622124696,0.004305070170990111,0.0019665064421341
Landsat,ACP-Gini,Attribute7,Attribute20,0.8069421064291765,0.004296801790380015,0.00196272954115689
Landsat,ACP-Gini,Attribute16,Attribute31,0.7942167755433237,0.004271996648549726,0.0019513988382252594
Landsat,ACP-Gini,Attribute4,Attribute27,0.7038004727144126,0.004227898618629213,0.001931255366346805
Landsat,ACP-Gini,Attribute16,Attribute27,0.8088871203888236,0.004227898618629213,0.001931255366346805
Landsat,ACP-Gini,Attribute27,Attribute32,0.8242875207384963,0.004227898618629213,0.001931255366346805
Landsat,ACP-Gini,Attribute20,Attribute31,0.8095188074839701,0.004219630238019117,0.001927478465369595
Landsat,ACP-Gini,Attribute18,Attribute30,0.9439518612495619,0.004186556715578732,0.0019123708614607541
Landsat,ACP-Gini,Attribute7,Attribute32,0.7105458156548687,0.004178288334968635,0.0019085939604835441
Landsat,ACP-Gini,Attribute7,Attribute11,0.9347418321419271,0.004167263827488507,0.0019035580925139304
Landsat,ACP-Gini,Attribute11,Attribute20,0.78808861640343,0.004167263827488507,0.0019035580925139304
Landsat,ACP-Gini,Attribute11,Attribute36,0.7154896659600556,0.004167263827488507,0.0019035580925139304
Landsat,ACP-Gini,Attribute1,Attribute5,0.9528480471043738,0.00414521481252825,0.0018934863565747034
Landsat,ACP-Gini,Attribute1,Attribute13,0.9359977005275295,0.00414521481252825,0.0018934863565747034
Landsat,ACP-Gini,Attribute25,Attribute33,0.8830498597731652,0.004134190305048122,0.0018884504886050898
Landsat,ACP-Gini,Attribute9,Attribute13,0.860631273068373,0.004120409670697962,0.0018821556536430728
Landsat,ACP-Gini,Attribute7,Attribute19,0.9102831073692502,0.004090092275127609,0.0018683070167266355
Landsat,ACP-Gini,Attribute4,Attribute24,0.8296092558437781,0.003963310439106133,0.0018103945350760795
Landsat,ACP-Gini,Attribute2,Attribute29,0.6846402253915225,0.0038778705061351384,0.0017713665583115742
Landsat,ACP-Gini,Attribute2,Attribute30,0.8594974649569911,0.0038778705061351384,0.0017713665583115742
Landsat,ACP-Gini,Attribute22,Attribute33,0.7565396906810563,0.0036904538789729567,0.0016857568028281434
Landsat,ACP-Gini,Attribute6,Attribute29,0.6779442481506586,0.003585721057911738,0.0016379160571168144
Landsat,ACP-Gini,Attribute6,Attribute30,0.8550754141552735,0.003585721057911738,0.0016379160571168144
Landsat,ACP-Gini,Attribute25,Attribute34,0.706576607476392,0.0035829649310417057,0.001636657090124411
Landsat,ACP-Gini,Attribute9,Attribute22,0.7715664250162514,0.0035471352817312888,0.001620290519223167
Landsat,ACP-Gini,Attribute14,Attribute33,0.7095041753433807,0.003533354647381128,0.0016139956842611501
Landsat,ACP-Gini,Attribute14,Attribute34,0.8794626227731064,0.003420353445709813,0.001562378037572611
Landsat,ACP-Gini,Attribute18,Attribute26,0.9110425289439711,0.003384523796399396,0.0015460114666713668
Landsat,ACP-Gini,Attribute18,Attribute25,0.725414234052932,0.0033321573858687862,0.0015220910938157023
Landsat,ACP-Gini,Attribute17,Attribute18,0.808397661839606,0.003288059355948273,0.001501947621937248
Landsat,ACP-Gini,Attribute13,Attribute17,0.9526287626577246,0.0032108878035873745,0.0014666965461499531
Landsat,ACP-Gini,Attribute13,Attribute30,0.7528526387660862,0.0032108878035873745,0.0014666965461499531
Landsat,ACP-Gini,Attribute9,Attribute25,0.8000957812974856,0.0025604418622598036,0.0011695803359427523
Landsat,ACP-Gini,Attribute9,Attribute26,0.6478487588944043,0.002519099959209322,0.0011506958310567013
Landsat,ACP-Gini,Attribute18,Attribute33,0.7505520594349616,0.002510831578599226,0.001146918930079491
Landsat,ACP-Gini,Attribute6,Attribute33,0.683684901462322,0.0023592446007474617,0.0010776757454973045
Landsat,ACP-Gini,Attribute2,Attribute5,0.7880636216389001,0.0023206588245670125,0.001060050207603657
Landsat,ACP-Gini,Attribute9,Attribute18,0.7480222803655763,0.0022903414289966594,0.0010462015706872198
Landsat,ACP-Gini,Attribute31,Attribute32,0.8679145095211185,0.0022517556528162106,0.0010285760327935721
Landsat,ACP-Gini,Attribute2,Attribute26,0.8535107944459326,0.002138754451144895,0.0009769583861050331
Landsat,ACP-Gini,Attribute17,Attribute26,0.7522177153289591,0.002130486070534799,0.0009731814851278229
Landsat,ACP-Gini,Attribute2,Attribute25,0.6776936169684225,0.0021249738167947348,0.0009706635511430162
Landsat,ACP-Gini,Attribute5,Attribute33,0.8508644200113258,0.0021167054361846383,0.000966886650165806
Landsat,ACP-Gini,Attribute5,Attribute34,0.6958770598660131,0.0021167054361846383,0.000966886650165806
Landsat,ACP-Gini,Attribute18,Attribute34,0.9315968287186677,0.0021084370555745423,0.0009631097491885958
Landsat,ACP-Gini,Attribute26,Attribute34,0.8912912071436283,0.002102924801834478,0.000960591815203789
Landsat,ACP-Gini,Attribute25,Attribute30,0.7700520800142276,0.0020836319137442533,0.0009517790462569652
Landsat,ACP-Gini,Attribute2,Attribute9,0.7260336396069907,0.0020753635331341573,0.000948002145279755
Landsat,ACP-Gini,Attribute6,Attribute34,0.8609104817858553,0.0019017275403221362,0.0008686872247583413
Landsat,ACP-Gini,Attribute30,Attribute34,0.9606596844495046,0.0017777018311706924,0.0008120337101001886
Landsat,ACP-Gini,Attribute14,Attribute29,0.7523285866429938,0.0016206025995788638,0.0007402725915331952
Landsat,ACP-Gini,Attribute13,Attribute14,0.8096058785590491,0.0013642828006658802,0.0006231886612396797
Landsat,ACP-Gini,Attribute2,Attribute22,0.8740528232213188,0.0009288147552008114,0.0004242718764399435
Landsat,ACP-Gini,Attribute24,Attribute32,0.8930693585950407,0.0008957412327604264,0.0004091642725311028
Landsat,ACP-Gini,Attribute1,Attribute9,0.8828826011444756,0.0007138368593383091,0.00032607245103247884
Landsat,ACP-Gini,Attribute21,Attribute29,0.909489748762048,0.0007000562249881487,0.0003197776160704619
Landsat,ACP-Gini,Attribute1,Attribute2,0.8104926201562132,0.0006476898144575391,0.0002958572432147974
Landsat,ACP-Gini,Attribute30,Attribute33,0.7843036098549494,0.0006173724188871863,0.0002820086062983601
Landsat,ACP-Gini,Attribute13,Attribute33,0.8650078810519054,0.0005484692471363842,0.00025053443148827524
Landsat,ACP-Gini,Attribute1,Attribute14,0.774462483821714,0.0005153957246959992,0.0002354268275794345
Landsat,ACP-Gini,Attribute28,Attribute36,0.8651663044341963,0.0005098834709559351,0.00023290889359462772
Landsat,ACP-Gini,Attribute10,Attribute17,0.7295733519595263,0.00044924867981522925,0.00020521161976175308
Landsat,ACP-Gini,Attribute16,Attribute23,0.7648067398742785,0.0004134190305048122,0.00018884504886050897
Landsat,ACP-Gini,Attribute23,Attribute32,0.7915319627624777,0.0004134190305048122,0.00018884504886050897
Landsat,ACP-Gini,Attribute2,Attribute13,0.7599088515810695,0.00041066290363478013,0.00018758608186810559
Landsat,ACP-Gini,Attribute23,Attribute24,0.8678066588453446,0.00040515064989471596,0.0001850681478832988
Landsat,ACP-Gini,Attribute18,Attribute21,0.7852363789315201,0.0003968822692846197,0.00018129124690608863
Landsat,ACP-Gini,Attribute9,Attribute10,0.8114927168281051,0.00038861388867452346,0.00017751434592887843
Landsat,ACP-Gini,Attribute10,Attribute13,0.6807538629943072,0.00034727198562404225,0.00015862984104282753
Landsat,ACP-Gini,Attribute16,Attribute28,0.9232743006345964,0.00033349135127388183,0.00015233500608081058
Landsat,ACP-Gini,Attribute3,Attribute32,0.7013483121020782,0.0002838810676133044,0.0001296736002175495
Landsat,ACP-Gini,Attribute1,Attribute30,0.6973744227285383,0.0002838810676133044,0.0001296736002175495
Landsat,ACP-Gini,Attribute10,Attribute14,0.8570396137680787,0.0002645881795230798,0.00012086083127072575
Landsat,ACP-Gini,Attribute21,Attribute30,0.7500764906392623,0.0002590759257830156,0.00011834289728591896
Landsat,ACP-Gini,Attribute1,Attribute21,0.8627778001515443,0.00022324627647259858,0.00010197632638467485
Landsat,ACP-Gini,Attribute1,Attribute18,0.7511508172456413,0.0002204901496025665,0.00010071735939227145
Landsat,ACP-Gini,Attribute13,Attribute22,0.7081713917282136,0.0002204901496025665,0.00010071735939227145
Landsat,ACP-Gini,Attribute3,Attribute24,0.7145556519214626,0.00021773402273253441,9.945839239986806e-05
Landsat,ACP-Gini,Attribute9,Attribute14,0.7051334578559607,0.00019292888090224569,8.812768946823753e-05
Landsat,ACP-Gini,Attribute24,Attribute28,0.8415768843132803,0.00019292888090224569,8.812768946823753e-05
Landsat,ACP-Gini,Attribute5,Attribute14,0.7517469578840066,0.00018190437342211738,8.309182149862395e-05
Landsat,ACP-Gini,Attribute13,Attribute25,0.9359101762001382,0.00016536761220192487,7.553801954420358e-05
Landsat,ACP-Gini,Attribute11,Attribute32,0.7022025704195075,0.00015434310472179657,7.050215157459002e-05
Landsat,ACP-Gini,Attribute24,Attribute27,0.7322720260677793,0.00015158697785176448,6.924318458218663e-05
Landsat,ACP-Gini,Attribute1,Attribute6,0.7734632565572882,0.00014056247037163615,6.420731661257305e-05
Landsat,ACP-Gini,Attribute22,Attribute34,0.9433217996501584,0.00013780634350160406,6.294834962016966e-05
Landsat,ACP-Gini,Attribute10,Attribute33,0.6777207114461945,0.00012678183602147575,5.7912481650556086e-05
Landsat,ACP-Gini,Attribute6,Attribute13,0.7287931278249684,0.0001185134554113795,5.41355806733459e-05
Landsat,ACP-Gini,Attribute9,Attribute34,0.6967424304679513,0.00011024507480128325,5.035867969613573e-05
Landsat,ACP-Gini,Attribute6,Attribute21,0.7512394176091104,0.00010197669419118701,4.6581778718925545e-05
Landsat,ACP-Gini,Attribute6,Attribute22,0.9278361884566816,0.00010197669419118701,4.6581778718925545e-05
Landsat,ACP-Gini,Attribute6,Attribute26,0.8277249613234379,0.00010197669419118701,4.6581778718925545e-05
Landsat,ACP-Gini,Attribute13,Attribute26,0.7745839283409558,9.922056732115493e-05,4.532281172652216e-05
Landsat,ACP-Gini,Attribute8,Attribute31,0.7069335224510888,9.646444045112284e-05,4.406384473411876e-05
Landsat,ACP-Gini,Attribute15,Attribute36,0.722813182897939,8.81960598410266e-05,4.028694375690858e-05
Landsat,ACP-Gini,Attribute1,Attribute22,0.6976569451746851,8.81960598410266e-05,4.028694375690858e-05
Landsat,ACP-Gini,Attribute12,Attribute23,0.8062780594328752,8.268380610096244e-05,3.776900977210179e-05
Landsat,ACP-Gini,Attribute15,Attribute31,0.8870203350600421,6.0634791140705786e-05,2.769727383287465e-05
Landsat,ACP-Gini,Attribute1,Attribute25,0.8557159343297943,6.0634791140705786e-05,2.769727383287465e-05
Landsat,ACP-Gini,Attribute15,Attribute20,0.8199683991128881,5.787866427067371e-05,2.6438306840471258e-05
Landsat,ACP-Gini,Attribute2,Attribute18,0.9279374598805373,5.5122537400641625e-05,2.5179339848067864e-05
Landsat,ACP-Gini,Attribute5,Attribute10,0.7747998179106598,5.236641053060955e-05,2.392037285566447e-05
Landsat,ACP-Gini,Attribute11,Attribute24,0.8099972232167177,4.9610283660577463e-05,2.266140586326108e-05
Landsat,ACP-Gini,Attribute14,Attribute17,0.7875237846144397,4.685415679054538e-05,2.1402438870857684e-05
Landsat,ACP-Gini,Attribute10,Attribute21,0.7601941767267381,3.858577618044914e-05,1.7625537893647505e-05
Landsat,ACP-Gini,Attribute4,Attribute36,0.7739607747897721,3.582964931041706e-05,1.636657090124411e-05
Ozone,CART,f41,f52,0.7465435346517899,0.08755527371199397,0.025537647846909088
Ozone,CART,f0,f4,0.7535724936065865,0.06727967641312173,0.01962377148341815
Ozone,CART,f41,f57,0.6876065612818992,0.045795770061358106,0.013357462082204381
Ozone,CART,f52,f57,0.8710320142684618,0.03741473280087752,0.010912926543956649
Ozone,CART,f0,f3,0.8024675990628009,0.03632639769650019,0.010595486857497076
Ozone,CART,f3,f4,0.9138682120250471,0.0340726013779865,0.009938111758765834
Ozone,CART,f40,f57,0.694945871151226,0.024800329071401638,0.007233625611133884
Ozone,CART,f40,f41,0.9908567193051687,0.024654646419634593,0.007191133684599926
Ozone,CART,f32,f41,0.8258224915076318,0.023437767798992218,0.00683620112178686
Ozone,CART,f41,f62,0.653024567146871,0.0211068453707195,0.006156330297243524
Ozone,CART,f57,f62,0.8392309369904564,0.019684297124053063,0.0057414091322648695
Ozone,CART,f41,f59,0.5582339697950889,0.019067288245980873,0.0055614433257681044
Ozone,CART,f42,f52,0.7459381247809918,0.018356014122647653,0.005353982743278777
Ozone,CART,f41,f42,0.9937453063318222,0.01791896616734652,0.005226506963676901
Ozone,CART,f52,f62,0.8127623429847293,0.01791896616734652,0.005226506963676901
Ozone,CART,f26,f41,0.8255302492001426,0.016436430946423063,0.004794089123066617
Ozone,CART,f39,f42,0.9709645289778472,0.013839851917869263,0.004036733020726062
Ozone,CART,f10,f12,0.7892327063229938,0.013111438659034039,0.0038242733880562694
Ozone,CART,f0,f2,0.8604054918642934,0.012905769033009974,0.0037642847858906808
Ozone,CART,f30,f41,0.8143802218258976,0.012091660096664724,0.0035268299023185593
Ozone,CART,f27,f41,0.8194858434423312,0.011414664244335515,0.0033293674201901637
Ozone,CART,f1,f4,0.8020802528502081,0.011320398999074487,0.0033018726441976023
Ozone,CART,f0,f1,0.9195625089154978,0.011243272889315464,0.0032793769183855066
Ozone,CART,f40,f52,0.7534778151812153,0.01100332499228739,0.003209390215858987
Ozone,CART,f57,f59,0.5146695084749531,0.01087478147602235,0.003171897339505494
Ozone,CART,f40,f62,0.6583828840071838,0.010866211908271348,0.003169397814415261
Ozone,CART,f0,f24,0.5054487580239951,0.010703390121002297,0.003121906837700837
Ozone,CART,f3,f24,0.5314684346701513,0.010703390121002297,0.003121906837700837
Ozone,CART,f42,f57,0.6845396079423347,0.00983786377815103,0.0028694548035873182
Ozone,CART,f36,f41,0.9386811135168848,0.009332259280841875,0.00272198282326358
Ozone,CART,f39,f62,0.6628465388071586,0.009195146196825833,0.002681990421819854
Ozone,CART,f42,f62,0.6518030086418664,0.009015185274054777,0.002629500394924964
Ozone,CART,f39,f52,0.7579055382969107,0.008980907003050766,0.002619502294564033
Ozone,CART,f55,f60,0.7819638578427913,0.00892948959654475,0.002604505144022636
Ozone,CART,f39,f57,0.6999058009801653,0.008912350461042745,0.00259950609384217
Ozone,CART,f2,f8,0.604886300608689,0.008363898124978576,0.002439536488067267
Ozone,CART,f9,f12,0.6567975480447923,0.008243924176464539,0.0024045431368040072
Ozone,CART,f26,f52,0.8357165044681781,0.00798683714393446,0.0023295573840970214
Ozone,CART,f26,f39,0.845250012192077,0.0071984369108422175,0.002099601075795599
Ozone,CART,f31,f41,0.8153534710598376,0.006470023652006993,0.0018871414431258062
Ozone,CART,f10,f13,0.7203955172227872,0.006452884516504987,0.0018821423929453404
Ozone,CART,f40,f59,0.5645824766749351,0.006332910567990951,0.0018471490416820805
Ozone,CART,f31,f40,0.8265882002473919,0.005510232063894697,0.0016071946330197262
Ozone,CART,f2,f10,0.5124577872895397,0.005295992870119631,0.0015447065057639048
Ozone,CART,f39,f40,0.992733886860834,0.005295992870119631,0.0015447065057639048
Ozone,CART,f27,f40,0.8286655380647128,0.005158879786103589,0.0015047141043201791
Ozone,CART,f30,f59,0.5409855804174106,0.005107462379597573,0.001489716953778782
Ozone,CART,f41,f61,0.5970331166234216,0.005038905837589552,0.0014697207530569192
Ozone,CART,f30,f40,0.8252100223475951,0.00493607102457752,0.001439726451974125
Ozone,CART,f28,f41,0.8166632942401294,0.004867514482569499,0.0014197302512522622
Ozone,CART,f33,f39,0.8803859964475726,0.004756110101806465,0.0013872364250792349
Ozone,CART,f39,f41,0.9799807581257971,0.004593288314537414,0.0013397454483648106
Ozone,CART,f27,f48,0.8683761614800126,0.004533301340280396,0.0013222487727331807
Ozone,CART,f41,f48,0.9184316603265192,0.004533301340280396,0.0013222487727331807
Ozone,CART,f32,f59,0.5508085176040984,0.004379049120762348,0.0012772573211089894
Ozone,CART,f37,f41,0.9545141268029368,0.004327631714256333,0.0012622601705675922
Ozone,CART,f40,f42,0.9814350255790368,0.0041733794947382856,0.0012172687189434008
Ozone,CART,f41,f64,0.6014090795570491,0.0040791142494772566,0.0011897739429508392
Ozone,CART,f27,f68,0.5753234093719155,0.0039591403009632195,0.0011547805916875794
Ozone,CART,f30,f42,0.813872787037466,0.0039334315977102114,0.0011472820164168808
Ozone,CART,f32,f61,0.6047420151828378,0.003890583758955198,0.0011347843909657164
Ozone,CART,f41,f47,0.9336857623048547,0.0036249271586741164,0.001057299113168498
Ozone,CART,f36,f39,0.9624604077542045,0.003607788023172111,0.0010523000629880323
Ozone,CART,f32,f39,0.8517182861294095,0.0035392314811640902,0.0010323038622661695
Ozone,CART,f28,f40,0.8264416161062473,0.003513522777911082,0.001024805286995471
Ozone,CART,f47,f52,0.7814963784126364,0.0034449662359030612,0.001004809086273608
Ozone,CART,f33,f42,0.8553885179128441,0.0032221574743769923,0.0009398214339275538
Ozone,CART,f36,f52,0.7851187491906588,0.0030336269838549344,0.000884831881942431
Ozone,CART,f28,f59,0.5388415945374707,0.0028450964933328764,0.0008298423299573081
Ozone,CART,f3,f11,0.5035685285840846,0.002802248654577863,0.0008173447045061439
Ozone,CART,f27,f30,0.9877703905807633,0.0027936790868268602,0.000814845179415911
Ozone,CART,f2,f3,0.9166828169397926,0.002570870325300792,0.0007498575270698568
Ozone,CART,f3,f10,0.5258292504151915,0.002570870325300792,0.0007498575270698568
Ozone,CART,f27,f59,0.540204657886318,0.0025365920542967813,0.0007398594267089253
Ozone,CART,f27,f64,0.5760698085686711,0.0024337572412847495,0.0007098651256261311
Ozone,CART,f40,f64,0.6055007041727448,0.0024337572412847495,0.0007098651256261311
Ozone,CART,f41,f43,0.9823783340395073,0.0023480615637747233,0.0006848698747238025
Ozone,CART,f41,f50,0.9729486985384792,0.0021423919377506597,0.0006248812725582139
Ozone,CART,f40,f51,0.952936417340953,0.0021423919377506597,0.0006248812725582139
Ozone,CART,f42,f51,0.9469532304780314,0.0021423919377506597,0.0006248812725582139
Ozone,CART,f28,f50,0.8740369424289951,0.0020824049634936416,0.000607384596926584
Ozone,CART,f31,f45,0.8707696602783276,0.002005278853734618,0.0005848888711144883
Ozone,CART,f40,f45,0.9559455250983312,0.002005278853734618,0.0005848888711144883
Ozone,CART,f41,f45,0.9590910043267339,0.002005278853734618,0.0005848888711144883
Ozone,CART,f30,f39,0.8392784597656218,0.0019367223117265965,0.0005648926703926254
Ozone,CART,f35,f41,0.9207464565154394,0.0018853049052205808,0.0005498955198512283
Ozone,CART,f53,f58,0.5322571168585883,0.0017653309567065437,0.0005149021685879683
Ozone,CART,f32,f42,0.8253749150229038,0.0017139135502005278,0.0004999050180465711
Ozone,CART,f30,f67,0.5953166947837877,0.00168820484694752,0.0004924064427758726
Ozone,CART,f60,f65,0.7668418416421727,0.0015082439241764646,0.0004399164158809826
Ozone,CART,f30,f36,0.8970495118774436,0.0014653960854214513,0.0004274187904298183
Ozone,CART,f30,f69,0.518931495475498,0.0014653960854214513,0.0004274187904298183
Ozone,CART,f6,f11,0.5227224382944555,0.0014311178144174408,0.0004174206900688869
Ozone,CART,f3,f6,0.7893770978496999,0.0013968395434134301,0.0004074225897079555
Ozone,CART,f27,f36,0.8928285126723491,0.0013882699756624275,0.00040492306461772264
Ozone,CART,f52,f69,0.5573164431245302,0.0013711308401604223,0.0003999240144372569
Ozone,CART,f35,f39,0.9448455492385194,0.0013368525691564118,0.0003899259140763255
Ozone,CART,f35,f42,0.9176601196621578,0.0013368525691564118,0.0003899259140763255
Ozone,CART,f38,f41,0.9696955463396341,0.0013111438659034037,0.0003824273388056269
Ozone,CART,f27,f69,0.5293375130154199,0.0013025742981524011,0.00037992781371539407
Ozone,CART,f36,f64,0.6315431589915584,0.00123401775614438,0.0003599316129935312
Ozone,CART,f28,f52,0.8315993347552705,0.0012083090528913721,0.00035243303772283265
Ozone,CART,f30,f68,0.5729036310160291,0.0011226133753813458,0.0003274377868205041
Ozone,CART,f10,f15,0.6018969305275409,0.0010883351043773353,0.0003174396864595727
Ozone,CART,f35,f45,0.9445777248038143,0.0010626264011243272,0.0003099411111888741
Ozone,CART,f39,f45,0.9558437917584024,0.0010626264011243272,0.0003099411111888741
Ozone,CART,f42,f45,0.9653215288661581,0.0010626264011243272,0.0003099411111888741
Ozone,CART,f39,f59,0.5716980193820798,0.0010197785623693141,0.0002974434857377098
Ozone,CART,f1,f3,0.8513799181273151,0.001002639426867309,0.00029244443555724413
Ozone,CART,f1,f6,0.710107742894341,0.001002639426867309,0.00029244443555724413
Ozone,CART,f12,f15,0.7201318906649442,0.000994069859116306,0.0002899449104670113
Ozone,CART,f32,f67,0.5842564210011575,0.0009683611558632982,0.0002824463351963127
Ozone,CART,f51,f57,0.7515534413889063,0.000925513317108285,0.00026994870974514845
Ozone,CART,f5,f10,0.5350234167829259,0.0009083741816062798,0.0002649496595646827
Ozone,CART,f41,f46,0.9469588189442942,0.0008998046138552772,0.00026245013447444987
Ozone,CART,f0,f7,0.5967205290507297,0.0008826654783532718,0.00025745108429398413
Ozone,CART,f0,f8,0.5400160162284963,0.0008655263428512666,0.00025245203411351845
Ozone,CART,f27,f52,0.83410946362376,0.0008483872073492613,0.0002474529839330527
Ozone,CART,f32,f68,0.5610767530525448,0.0008226785040962534,0.00023995440866235416
Ozone,CART,f11,f16,0.5871796434092029,0.0008141089363452507,0.0002374548835721213
Ozone,CART,f31,f42,0.8145689414115961,0.0007969698008432455,0.00023245583339165558
Ozone,CART,f27,f39,0.8405926116403898,0.0007884002330922429,0.00022995630830142274
Ozone,CART,f27,f32,0.9770389157257696,0.0007712610975902375,0.00022495725812095703
Ozone,CART,f32,f52,0.8272024227249196,0.0007712610975902375,0.00022495725812095703
Ozone,CART,f12,f14,0.7924079535859887,0.0007712610975902375,0.00022495725812095703
Ozone,CART,f10,f24,0.7237837824416242,0.0007541219620882323,0.0002199582079404913
Ozone,CART,f3,f8,0.6245266247523598,0.0007455523943372297,0.00021745868285025845
Ozone,CART,f27,f46,0.8722558865757709,0.0007284132588352243,0.00021245963266979274
Ozone,CART,f32,f43,0.8386885502295309,0.0007284132588352243,0.00021245963266979274
Ozone,CART,f28,f39,0.8390158076006213,0.0007198436910842217,0.00020996010757955987
Ozone,CART,f28,f67,0.5979945413403812,0.0006684262845782059,0.00019496295703816274
Ozone,CART,f41,f44,0.970399481608295,0.0006598567168272033,0.0001924634319479299
Ozone,CART,f55,f65,0.5069954510034947,0.0006255784458231927,0.00018246533158699848
Ozone,CART,f30,f37,0.8764967816317474,0.0005998697425701848,0.0001749667563162999
Ozone,CART,f37,f40,0.9657579124647411,0.0005998697425701848,0.0001749667563162999
Ozone,CART,f37,f42,0.9486148565983351,0.0005998697425701848,0.0001749667563162999
Ozone,CART,f33,f41,0.855739666641139,0.0005741610393171768,0.00016746818104560132
Ozone,CART,f32,f33,0.992526375861715,0.000548452336064169,0.00015996960577490277
Ozone,CART,f2,f9,0.5545999567091123,0.0005313132005621636,0.00015497055559443706
Ozone,CART,f43,f59,0.5563479748409869,0.0005141740650601584,0.00014997150541397135
Ozone,CART,f30,f32,0.9931204321972916,0.0005056044973091558,0.00014747198032373848
Ozone,CART,f35,f57,0.7365665446531109,0.000497034929558153,0.00014497245523350564
Ozone,CART,f43,f61,0.5956483059135316,0.0004884653618071504,0.00014247293014327277
Ozone,CART,f31,f39,0.8411702077508275,0.0004798957940561478,0.00013997340505303993
Ozone,CART,f28,f31,0.9882323499550253,0.0004713262263051452,0.00013747387996280706
Ozone,CART,f38,f61,0.624205563224823,0.0004627566585541425,0.00013497435487257422
Ozone,CART,f4,f10,0.5227920903102031,0.0004541870908031399,0.00013247482978234136
Ozone,CART,f29,f41,0.8151236224992107,0.0004541870908031399,0.00013247482978234136
Ozone,CART,f17,f21,0.6049080760244104,0.00044561752305213723,0.0001299753046921085
Ozone,CART,f8,f9,0.8327731079388442,0.00044561752305213723,0.0001299753046921085
Ozone,CART,f0,f6,0.6656263074695193,0.0004370479553011346,0.00012747577960187565
Ozone,CART,f9,f10,0.8645819354479659,0.00042847838755013195,0.00012497625451164278
Ozone,CART,f32,f36,0.9115615199964207,0.00042847838755013195,0.00012497625451164278
Ozone,CART,f27,f42,0.8193699396118626,0.00040276968429712404,0.00011747767924094423
Ozone,CART,f42,f48,0.9209370712309997,0.00040276968429712404,0.00011747767924094423
Ozone,CART,f32,f40,0.8370858222304745,0.00039420011654612143,0.00011497815415071137
Ozone,CART,f40,f46,0.9466398589919051,0.00038563054879511876,0.00011247862906047852
Ozone,CART,f46,f64,0.6277443583652053,0.00038563054879511876,0.00011247862906047852
Ozone,CART,f2,f4,0.8465439258113524,0.00037706098104411614,0.00010997910397024565
Ozone,CART,f10,f16,0.5458449674625323,0.00036849141329311347,0.00010747957888001279
Ozone,CART,f26,f36,0.8944798155862118,0.00035992184554211085,0.00010498005378977994
Ozone,CART,f32,f64,0.5805958324659843,0.00035992184554211085,0.00010498005378977994
Ozone,CART,f30,f31,0.9981300546702673,0.00035135227779110824,0.00010248052869954708
Ozone,CART,f31,f59,0.5434766176839596,0.00035135227779110824,0.00010248052869954708
Ozone,CART,f36,f62,0.6903920985074676,0.00034278271004010557,9.998100360931423e-05
Ozone,CART,f62,f64,0.6037627565329746,0.00034278271004010557,9.998100360931423e-05
Ozone,CART,f27,f34,0.9483556420652017,0.00033421314228910295,9.748147851908137e-05
Ozone,CART,f34,f39,0.9167964524385108,0.00033421314228910295,9.748147851908137e-05
Ozone,CART,f34,f41,0.8926494704929465,0.00033421314228910295,9.748147851908137e-05
Ozone,CART,f3,f5,0.8463348404401216,0.00033421314228910295,9.748147851908137e-05
Ozone,CART,f5,f8,0.6477396861762239,0.00033421314228910295,9.748147851908137e-05
Ozone,CART,f31,f69,0.5133892219852852,0.00031707400678709767,9.248242833861566e-05
Ozone,CART,f11,f14,0.7282559280375283,0.00031707400678709767,9.248242833861566e-05
Ozone,CART,f19,f23,0.6704189790624312,0.0002999348712850924,8.748337815814995e-05
Ozone,CART,f33,f68,0.5375030284781175,0.00029136530353408976,8.49838530679171e-05
Ozone,CART,f30,f62,0.7104887819792226,0.0002742261680320845,7.998480288745139e-05
Ozone,CART,f31,f62,0.7098685469678386,0.0002742261680320845,7.998480288745139e-05
Ozone,CART,f59,f62,0.5867335673654616,0.0002742261680320845,7.998480288745139e-05
Ozone,CART,f28,f29,0.9973713998517889,0.0002656566002810818,7.748527779721853e-05
Ozone,CART,f29,f52,0.8304485155504542,0.0002656566002810818,7.748527779721853e-05
Ozone,CART,f38,f52,0.7660364132246812,0.0002656566002810818,7.748527779721853e-05
Ozone,CART,f39,f46,0.9491415261254731,0.0002485174647790765,7.248622761675282e-05
Ozone,CART,f42,f46,0.9514983539690713,0.0002485174647790765,7.248622761675282e-05
Ozone,CART,f27,f62,0.7128217553386753,0.0002485174647790765,7.248622761675282e-05
Ozone,CART,f46,f62,0.6895755567078468,0.0002485174647790765,7.248622761675282e-05
Ozone,CART,f38,f42,0.962304138074962,0.0002399478970280739,6.998670252651997e-05
Ozone,CART,f52,f67,0.5652125025063963,0.0002399478970280739,6.998670252651997e-05
Ozone,CART,f3,f9,0.5683895040595075,0.0002399478970280739,6.998670252651997e-05
Ozone,CART,f18,f25,0.6560466836871062,0.00022280876152606862,6.498765234605424e-05
Ozone,CART,f1,f7,0.6416754086093341,0.00021423919377506597,6.248812725582139e-05
Ozone,CART,f1,f9,0.5211479733196864,0.00021423919377506597,6.248812725582139e-05
Ozone,CART,f4,f9,0.5637700287472256,0.00021423919377506597,6.248812725582139e-05
Ozone,CART,f9,f24,0.6411841830721324,0.00020566962602406336,5.998860216558854e-05
Ozone,CART,f12,f24,0.7632478239064915,0.00020566962602406336,5.998860216558854e-05
Ozone,CART,f11,f12,0.8782823650745202,0.00019710005827306071,5.7489077075355685e-05
Ozone,CART,f30,f47,0.8797961029778679,0.00019710005827306071,5.7489077075355685e-05
Ozone,CART,f40,f47,0.935444875354435,0.00019710005827306071,5.7489077075355685e-05
Ozone,CART,f47,f59,0.5893789570216404,0.00019710005827306071,5.7489077075355685e-05
Ozone,CART,f28,f33,0.9727294999421083,0.00019710005827306071,5.7489077075355685e-05
Ozone,CART,f33,f40,0.8661889512550158,0.00019710005827306071,5.7489077075355685e-05
Ozone,CART,f28,f32,0.9827393879365446,0.00019710005827306071,5.7489077075355685e-05
Ozone,CART,f33,f50,0.9064391069748108,0.00019710005827306071,5.7489077075355685e-05
Ozone,CART,f39,f50,0.9795309422201984,0.00019710005827306071,5.7489077075355685e-05
Ozone,CART,f30,f44,0.8506297558096773,0.00019710005827306071,5.7489077075355685e-05
Ozone,CART,f42,f44,0.9788175534925354,0.00019710005827306071,5.7489077075355685e-05
Ozone,CART,f27,f29,0.9931222373169578,0.00018853049052205807,5.498955198512282e-05
Ozone,CART,f27,f47,0.8725745689904091,0.00017996092277105543,5.249002689488997e-05
Ozone,CART,f5,f25,0.7241245215326092,0.00017139135502005278,4.999050180465711e-05
Ozone,CART,f56,f69,0.6374140157056943,0.00017139135502005278,4.999050180465711e-05
Ozone,CART,f44,f46,0.982146820779668,0.00017139135502005278,4.999050180465711e-05
Ozone,CART,f35,f52,0.8016400043746824,0.00016282178726905014,4.749097671442426e-05
Ozone,CART,f27,f43,0.8310650051807469,0.00016282178726905014,4.749097671442426e-05
Ozone,CART,f31,f35,0.9287263477799743,0.00016282178726905014,4.749097671442426e-05
Ozone,CART,f39,f49,0.9170062895250884,0.00014568265176704488,4.249192653395855e-05
Ozone,CART,f42,f49,0.906944607707339,0.00014568265176704488,4.249192653395855e-05
Ozone,CART,f46,f49,0.9797565478253107,0.00014568265176704488,4.249192653395855e-05
Ozone,CART,f38,f39,0.9921323532715172,0.00014568265176704488,4.249192653395855e-05
Ozone,CART,f38,f40,0.9822317011700076,0.00014568265176704488,4.249192653395855e-05
Ozone,CART,f11,f24,0.7529947791677839,0.00014568265176704488,4.249192653395855e-05
Ozone,CART,f19,f24,0.5421850814139584,0.00014568265176704488,4.249192653395855e-05
Ozone,CART,f33,f43,0.8681608723320673,0.00014568265176704488,4.249192653395855e-05
Ozone,CART,f2,f7,0.6737554856089074,0.00013711308401604224,3.999240144372569e-05
Ozone,CART,f30,f66,0.7165631319948783,0.00013711308401604224,3.999240144372569e-05
Ozone,CART,f41,f66,0.6896206616992425,0.00013711308401604224,3.999240144372569e-05
Ozone,CART,f8,f11,0.5853895684101125,0.00013711308401604224,3.999240144372569e-05
Ozone,CART,f26,f33,0.9642771108501403,0.0001285435162650396,3.749287635349284e-05
Ozone,CART,f3,f7,0.7083437444383686,0.0001285435162650396,3.749287635349284e-05
Ozone,CART,f6,f7,0.8528935446982535,0.0001285435162650396,3.749287635349284e-05
Ozone,CART,f10,f11,0.8810299471518833,0.0001285435162650396,3.749287635349284e-05
Ozone,CART,f3,f25,0.73688819522957,0.00011997394851403695,3.499335126325998e-05
Ozone,CART,f6,f25,0.7311458365281595,0.00011997394851403695,3.499335126325998e-05
Ozone,CART,f6,f8,0.7049995351063355,0.00011997394851403695,3.499335126325998e-05
Ozone,CART,f0,f5,0.7034518632019742,0.00011140438076303431,3.249382617302712e-05
Ozone,CART,f5,f24,0.5258164940716097,0.00010283481301203168,2.999430108279427e-05
Ozone,CART,f40,f43,0.9716106352019868,9.426524526102904e-05,2.749477599256141e-05
Ozone,CART,f29,f48,0.8734227560941087,9.426524526102904e-05,2.749477599256141e-05
Ozone,CART,f1,f2,0.9251809771928698,8.569567751002639e-05,2.4995250902328557e-05
Ozone,CART,f2,f6,0.7471420396627061,8.569567751002639e-05,2.4995250902328557e-05
Ozone,ACP-Gini,f41,f57,0.6876065612818992,0.12425194322793662,0.01740708618418939
Ozone,ACP-Gini,f41,f52,0.7465435346517899,0.09561369316488202,0.013395008191192059
Ozone,ACP-Gini,f0,f4,0.7535724936065865,0.08559374498429367,0.011991262728470014
Ozone,ACP-Gini,f0,f3,0.8024675990628009,0.0561071240226538,0.007860332144807426
Ozone,ACP-Gini,f41,f59,0.5582339697950889,0.052232132621007496,0.007317464906363432
Ozone,ACP-Gini,f2,f8,0.604886300608689,0.040974021507348725,0.00574025890591372
Ozone,ACP-Gini,f42,f57,0.6845396079423347,0.03242152569188086,0.004542096302720761
Ozone,ACP-Gini,f40,f52,0.7534778151812153,0.02817967119895444,0.003947833349394495
Ozone,ACP-Gini,f39,f52,0.7579055382969107,0.027560589732419233,0.0038611030805306605
Ozone,ACP-Gini,f3,f4,0.9138682120250471,0.027354229243574165,0.003832192990909383
Ozone,ACP-Gini,f57,f59,0.5146695084749531,0.02680393460665398,0.0037550994185859754
Ozone,ACP-Gini,f42,f59,0.5549541910972865,0.023869029876412998,0.003343933699527802
Ozone,ACP-Gini,f42,f62,0.6518030086418664,0.023662669387567926,0.003315023609906524
Ozone,ACP-Gini,f30,f41,0.8143802218258976,0.023410451012312844,0.0032796890559249623
Ozone,ACP-Gini,f59,f62,0.5867335673654616,0.023227019466672782,0.0032539911984838265
Ozone,ACP-Gini,f27,f41,0.8194858434423312,0.022860156375392657,0.0032025954836015546
Ozone,ACP-Gini,f27,f52,0.83410946362376,0.020406759452456836,0.002858886640326363
Ozone,ACP-Gini,f26,f41,0.8255302492001426,0.01997110953156169,0.0027978542289036653
Ozone,ACP-Gini,f5,f9,0.580235212820719,0.0196959622131016,0.0027593074427419615
Ozone,ACP-Gini,f9,f12,0.6567975480447923,0.017425996835805837,0.002441296456907905
Ozone,ACP-Gini,f32,f41,0.8258224915076318,0.014147157957489739,0.0019819472551476022
Ozone,ACP-Gini,f30,f39,0.8392784597656218,0.013092426570059386,0.001834184574861071
Ozone,ACP-Gini,f10,f13,0.7203955172227872,0.011258111113658771,0.0015772060004497126
Ozone,ACP-Gini,f30,f42,0.813872787037466,0.011051750624813702,0.0015482959108284347
Ozone,ACP-Gini,f41,f64,0.6014090795570491,0.009721871918923257,0.0013619864443801999
Ozone,ACP-Gini,f30,f40,0.8252100223475951,0.009171577282003072,0.0012848928720567922
Ozone,ACP-Gini,f41,f62,0.653024567146871,0.008254419553802765,0.0011564035848511131
Ozone,ACP-Gini,f55,f60,0.7819638578427913,0.008116845894572719,0.0011371301917702612
Ozone,ACP-Gini,f55,f65,0.5069954510034947,0.007360190768807466,0.0010311265298255758
Ozone,ACP-Gini,f10,f15,0.6018969305275409,0.007337261825602458,0.001027914297645434
Ozone,ACP-Gini,f31,f41,0.8153534710598376,0.007268474995987435,0.001018277601105008
Ozone,ACP-Gini,f30,f59,0.5409855804174106,0.006901611904707312,0.0009668818862227362
Ozone,ACP-Gini,f40,f59,0.5645824766749351,0.006901611904707312,0.0009668818862227362
Ozone,ACP-Gini,f53,f58,0.5322571168585883,0.006420104097402151,0.0008994250104397546
Ozone,ACP-Gini,f12,f16,0.6382620100500104,0.006282530438172104,0.0008801516173589027
Ozone,ACP-Gini,f12,f14,0.7924079535859887,0.006167885722147067,0.0008640904564581928
Ozone,ACP-Gini,f10,f14,0.6523527334530628,0.005480017425996836,0.0007677234910539334
Ozone,ACP-Gini,f31,f59,0.5434766176839596,0.005365372709971798,0.0007516623301532235
Ozone,ACP-Gini,f0,f7,0.5967205290507297,0.004883864902666636,0.0006842054543702419
Ozone,ACP-Gini,f60,f65,0.7668418416421727,0.004654575470616559,0.000652083132568822
Ozone,ACP-Gini,f30,f64,0.572750603731486,0.004608717584206544,0.0006456586682085381
Ozone,ACP-Gini,f41,f61,0.5970331166234216,0.004081351890491367,0.0005717773280652725
Ozone,ACP-Gini,f12,f17,0.52720458371196,0.003989636117671337,0.0005589283993447046
Ozone,ACP-Gini,f11,f16,0.5871796434092029,0.00316419416229106,0.00044328804085959334
Ozone,ACP-Gini,f10,f16,0.5458449674625323,0.003026620503061014,0.00042401464777874146
Ozone,ACP-Gini,f0,f8,0.5400160162284963,0.002682686354985899,0.00037583116507661175
Ozone,ACP-Gini,f9,f14,0.5362029387915743,0.0025680416389608604,0.00035977000417590185
Ozone,ACP-Gini,f34,f39,0.9167964524385108,0.0023846100933207987,0.000334072146734766
Ozone,ACP-Gini,f35,f42,0.9176601196621578,0.002292894320500768,0.00032122321801419804
Ozone,ACP-Gini,f3,f6,0.7893770978496999,0.0018113865131956068,0.00025376634223121645
Ozone,ACP-Gini,f32,f42,0.8253749150229038,0.0016738128539655608,0.00023449294915036458
Ozone,ACP-Gini,f32,f67,0.5842564210011575,0.0016738128539655608,0.00023449294915036458
Ozone,ACP-Gini,f7,f11,0.5217951548393638,0.001513310251530507,0.00021200732388937073
Ozone,ACP-Gini,f10,f12,0.7892327063229938,0.0014903813083254993,0.00020879509170922873
Ozone,ACP-Gini,f8,f12,0.5223801815011014,0.0013986655355054686,0.00019594616298866083
Ozone,ACP-Gini,f28,f41,0.8166632942401294,0.0011005892738403687,0.00015418714464681508
Ozone,ACP-Gini,f8,f11,0.5853895684101125,0.0011005892738403687,0.00015418714464681508
Ozone,ACP-Gini,f41,f44,0.970399481608295,0.001077660330635361,0.00015097491246667308
Ozone,ACP-Gini,f40,f57,0.694945871151226,0.001008873501020338,0.00014133821592624715
Ozone,ACP-Gini,f42,f43,0.9918123380016339,0.0009630156146103226,0.00013491375156596318
Ozone,ACP-Gini,f3,f11,0.5035685285840846,0.0009630156146103226,0.00013491375156596318
Ozone,ACP-Gini,f0,f6,0.6656263074695193,0.0006649393529452228,9.315473322411744e-05
Ozone,ACP-Gini,f18,f25,0.6560466836871062,0.0005961525233301997,8.35180366836915e-05
Ozone,ACP-Gini,f41,f66,0.6896206616992425,0.0005961525233301997,8.35180366836915e-05
Ozone,ACP-Gini,f19,f23,0.6704189790624312,0.0005273656937151767,7.388134014326556e-05
Ozone,ACP-Gini,f8,f10,0.6901224201152859,0.000504436750510169,7.066910796312357e-05
Ozone,ACP-Gini,f30,f67,0.5953166947837877,0.00045857886410015364,6.424464360283962e-05
Ozone,ACP-Gini,f33,f41,0.855739666641139,0.0003439341480751152,4.818348270212971e-05
Ozone,ACP-Gini,f7,f10,0.5873304693455722,0.00027514731846009217,3.854678616170377e-05
