dataset,method,seed,fold,band_0_0.3,band_0.3_0.5,band_0.5_0.7,band_0.7_1
WDBC,CART,42,0,0.4575039494470774,0.22622432859399685,0.08625592417061612,0.23001579778830963
WDBC,ACP-Gini,42,0,0.5046909492273731,0.23096026490066227,0.07146799116997793,0.19288079470198677
WDBC,CART,42,1,0.4083442838370565,0.0259526938239159,0.08475689881734559,0.480946123521682
WDBC,ACP-Gini,42,1,0.26104746317512273,0.07610474631751228,0.20212765957446807,0.4607201309328969
WDBC,CART,42,2,0.17655713585090732,0.29328102010789603,0.011770475723393821,0.5183913683178029
WDBC,ACP-Gini,42,2,0.5902964959568733,0.27672955974842767,0.0,0.132973944294699
WDBC,CART,42,3,0.20849536344600658,0.23242596470236315,0.2174693389171403,0.34160933293449
WDBC,ACP-Gini,42,3,0.3730039168424224,0.23440795420307323,0.12774932208496534,0.26483880686953903
WDBC,CART,42,4,0.17297979797979798,0.26957070707070707,0.29608585858585856,0.26136363636363635
WDBC,ACP-Gini,42,4,0.17297979797979798,0.26957070707070707,0.29608585858585856,0.26136363636363635
WDBC,CART,43,0,0.4934640522875817,0.029878618113912233,0.19467787114845939,0.2819794584500467
WDBC,ACP-Gini,43,0,0.6179540709812108,0.06541405706332637,0.1057759220598469,0.21085594989561587
WDBC,CART,43,1,0.36774193548387096,0.19193548387096773,0.06589861751152074,0.37442396313364057
WDBC,ACP-Gini,43,1,0.18418367346938774,0.30612244897959184,0.14183673469387756,0.3678571428571429
WDBC,CART,43,2,0.17966393795777683,0.37526928048255065,0.19000430848772082,0.25506247307195173
WDBC,ACP-Gini,43,2,0.18650623119896864,0.3794585302965191,0.18693596905887408,0.24709926944563815
WDBC,CART,43,3,0.11008691071898867,0.22175401632868053,0.1912035817750856,0.47695549117724517
WDBC,ACP-Gini,43,3,0.3072452537776056,0.19566059666795815,0.2270437814800465,0.27005036807438976
WDBC,CART,43,4,0.47906197654941374,0.19765494137353434,0.11836962590731435,0.20491345616973758
WDBC,ACP-Gini,43,4,0.5226824457593688,0.19639335023950408,0.08030431107354184,0.20061989292758522
WDBC,CART,44,0,0.17130242825607064,0.3713024282560706,0.18719646799116998,0.27019867549668874
WDBC,ACP-Gini,44,0,0.19072847682119207,0.37792494481236205,0.18101545253863136,0.2503311258278146
WDBC,CART,44,1,0.36760269203991647,0.2030633557669993,0.10187978649338594,0.3274541656996983
WDBC,ACP-Gini,44,1,0.3422090729783038,0.4363905325443787,0.07495069033530571,0.14644970414201183
WDBC,CART,44,2,0.40195545898967955,0.33242802824551876,0.0,0.26561651276480175
WDBC,ACP-Gini,44,2,0.5084193373166758,0.24443237370994025,0.0,0.24714828897338403
WDBC,CART,44,3,0.5168067226890757,0.08916900093370682,0.12324929971988796,0.2707749766573296
WDBC,ACP-Gini,44,3,0.526291723822588,0.08733424782807499,0.12757201646090535,0.25880201188843166
WDBC,CART,44,4,0.4519414385741566,0.20560152768936982,0.0852959898154042,0.25716104392106937
WDBC,ACP-Gini,44,4,0.48739035087719296,0.24287280701754385,0.07346491228070176,0.1962719298245614
Wine,CART,42,0,0.671503708698584,0.2711530681051922,0.053027646662171274,0.004315576534052596
Wine,ACP-Gini,42,0,0.8604292748938089,0.13957072510619103,0.0,0.0
Wine,CART,42,1,0.6952976206443305,0.2500067061884707,0.05212049679444191,0.00257517637275678
Wine,ACP-Gini,42,1,0.8654525032092426,0.1345474967907574,0.0,0.0
Wine,CART,42,2,0.6755183109321434,0.2648963378135713,0.05550416281221091,0.004081188442074332
Wine,ACP-Gini,42,2,0.8503855278766311,0.14961447212336892,0.0,0.0
Wine,CART,42,3,0.7076057151104055,0.21919949968730457,0.05679030163082696,0.016404483571462933
Wine,ACP-Gini,42,3,0.8345402677199912,0.16545973228000876,0.0,0.0
Wine,CART,42,4,0.6738062379243721,0.2700800441622964,0.03403256969362407,0.022081148219707424
Wine,ACP-Gini,42,4,0.875478037099253,0.12452196290074699,0.0,0.0
Wine,CART,43,0,0.7652447891420262,0.21202132816286962,0.011803199224430442,0.010930683470673776
Wine,ACP-Gini,43,0,0.8757462309015481,0.12425376909845189,0.0,0.0
Wine,CART,43,1,0.6225927838854866,0.277847463046312,0.0768833468604737,0.022676406207727685
Wine,ACP-Gini,43,1,0.8679603745420003,0.13203962545799972,0.0,0.0
Wine,CART,43,2,0.755957166286137,0.19873299675209827,0.009486445637842879,0.03582339132392192
Wine,ACP-Gini,43,2,0.871651061462872,0.12834893853712803,0.0,0.0
Wine,CART,43,3,0.7120855432963666,0.2320957540346598,0.04577814334742037,0.010040559321553167
Wine,ACP-Gini,43,3,0.8462040087863811,0.1537959912136189,0.0,0.0
Wine,CART,43,4,0.7052016498625114,0.2416647571035747,0.05015467461044913,0.0029789184234647113
Wine,ACP-Gini,43,4,0.9013961922030825,0.09860380779691749,0.0,0.0
Wine,CART,44,0,0.7353454243389174,0.2609718953343486,0.0,0.003682680326734044
Wine,ACP-Gini,44,0,0.8665522829091602,0.13344771709083977,0.0,0.0
Wine,CART,44,1,0.6916103218617843,0.2510572564511636,0.04591151966370382,0.011420902023348275
Wine,ACP-Gini,44,1,0.8548192316401237,0.14518076835987623,0.0,0.0
Wine,CART,44,2,0.6830561037496475,0.2647871440654074,0.04702565548350719,0.005131096701437835
Wine,ACP-Gini,44,2,0.842500560496226,0.157499439503774,0.0,0.0
Wine,CART,44,3,0.7557068890759303,0.22393960262198076,0.006070344581324764,0.01428316372076415
Wine,ACP-Gini,44,3,0.8288571957769958,0.17114280422300426,0.0,0.0
Wine,CART,44,4,0.6992788583616881,0.2581890203646336,0.021761210705398406,0.020770910568279923
Wine,ACP-Gini,44,4,0.8226553762581882,0.17734462374181179,0.0,0.0
Ionosphere,CART,42,0,0.8699294532627866,0.1146384479717813,0.015432098765432098,0.0
Ionosphere,ACP-Gini,42,0,0.9110794103661436,0.08178792201616739,0.007132667617689016,0.0
Ionosphere,CART,42,1,0.9191413237924866,0.07692307692307693,0.003935599284436494,0.0
Ionosphere,ACP-Gini,42,1,0.93007769145394,0.06992230854605994,0.0,0.0
Ionosphere,CART,42,2,0.7938611789326823,0.14196023718172304,0.06417858388559469,0.0
Ionosphere,ACP-Gini,42,2,0.7938611789326823,0.14196023718172304,0.06417858388559469,0.0
Ionosphere,CART,42,3,0.8335483870967741,0.15526881720430108,0.011182795698924731,0.0
Ionosphere,ACP-Gini,42,3,0.821659215101838,0.17834078489816194,0.0,0.0
Ionosphere,CART,42,4,0.8530762167125804,0.14692378328741965,0.0,0.0
Ionosphere,ACP-Gini,42,4,0.9063745019920318,0.09362549800796813,0.0,0.0
Ionosphere,CART,43,0,0.9292253521126761,0.07077464788732395,0.0,0.0
Ionosphere,ACP-Gini,43,0,0.9292253521126761,0.07077464788732395,0.0,0.0
Ionosphere,CART,43,1,0.8622144112478032,0.13778558875219685,0.0,0.0
Ionosphere,ACP-Gini,43,1,0.919280205655527,0.0724935732647815,0.008226221079691516,0.0
Ionosphere,CART,43,2,0.9226860254083484,0.07731397459165154,0.0,0.0
Ionosphere,ACP-Gini,43,2,0.9276292335115864,0.06666666666666667,0.00570409982174688,0.0
Ionosphere,CART,43,3,0.808982376350199,0.1694144400227402,0.02160318362706083,0.0
Ionosphere,ACP-Gini,43,3,0.8257575757575758,0.17424242424242425,0.0,0.0
Ionosphere,CART,43,4,0.84806531771388,0.15193468228611998,0.0,0.0
Ionosphere,ACP-Gini,43,4,0.8905447070914697,0.10226104830421377,0.007194244604316547,0.0
Ionosphere,CART,44,0,0.865135235272323,0.1281956280103742,0.006669136717302705,0.0
Ionosphere,ACP-Gini,44,0,0.9496306245802552,0.050369375419744795,0.0,0.0
Ionosphere,CART,44,1,0.7914221218961626,0.062302483069977425,0.14627539503386006,0.0
Ionosphere,ACP-Gini,44,1,0.874602453430259,0.09904588823262153,0.026351658337119492,0.0
Ionosphere,CART,44,2,0.873509590461379,0.11975116640746501,0.00673924313115604,0.0
Ionosphere,ACP-Gini,44,2,0.9020907700152984,0.09790922998470168,0.0,0.0
Ionosphere,CART,44,3,0.9078212290502793,0.09217877094972067,0.0,0.0
Ionosphere,ACP-Gini,44,3,0.9911111111111112,0.008888888888888889,0.0,0.0
Ionosphere,CART,44,4,0.9573229873908826,0.04267701260911736,0.0,0.0
Ionosphere,ACP-Gini,44,4,0.9607032057911065,0.03929679420889348,0.0,0.0
Sonar,CART,42,0,0.8081952920662598,0.10723626852659111,0.05928509154315606,0.025283347863993024
Sonar,ACP-Gini,42,0,0.9846984698469847,0.0,0.0153015301530153,0.0
Sonar,CART,42,1,0.638974358974359,0.3046153846153846,0.05641025641025641,0.0
Sonar,ACP-Gini,42,1,0.7639344262295082,0.19344262295081968,0.04262295081967213,0.0
Sonar,CART,42,2,0.574523396880416,0.4055459272097054,0.0,0.01993067590987868
Sonar,ACP-Gini,42,2,0.8316151202749141,0.13516609392898052,0.033218785796105384,0.0
Sonar,CART,42,3,0.7244401168451802,0.25413826679649465,0.0,0.021421616358325218
Sonar,ACP-Gini,42,3,0.8139114724480578,0.1860885275519422,0.0,0.0
Sonar,CART,42,4,0.7151898734177216,0.23523206751054854,0.049578059071729956,0.0
Sonar,ACP-Gini,42,4,0.8017699115044248,0.15663716814159293,0.0415929203539823,0.0
Sonar,CART,43,0,0.772877618522602,0.14884233737596472,0.0782800441014333,0.0
Sonar,ACP-Gini,43,0,0.9217199558985667,0.0,0.0782800441014333,0.0
Sonar,CART,43,1,0.7310344827586207,0.15566502463054188,0.11330049261083744,0.0
Sonar,ACP-Gini,43,1,0.8470588235294118,0.11122994652406418,0.04171122994652406,0.0
Sonar,CART,43,2,0.6631944444444444,0.2821180555555556,0.0,0.0546875
Sonar,ACP-Gini,43,2,0.7261904761904762,0.21753246753246752,0.0,0.05627705627705628
Sonar,CART,43,3,0.7407045009784736,0.25929549902152643,0.0,0.0
Sonar,ACP-Gini,43,3,0.8434442270058709,0.15655577299412915,0.0,0.0
Sonar,CART,43,4,0.8523489932885906,0.1297539149888143,0.017897091722595078,0.0
Sonar,ACP-Gini,43,4,0.9165687426556992,0.02937720329024677,0.05405405405405406,0.0
Sonar,CART,44,0,0.756140350877193,0.19649122807017544,0.0,0.04736842105263158
Sonar,ACP-Gini,44,0,0.8211920529801324,0.17880794701986755,0.0,0.0
Sonar,CART,44,1,0.6478658536585366,0.3521341463414634,0.0,0.0
Sonar,ACP-Gini,44,1,0.7354330708661417,0.26456692913385826,0.0,0.0
Sonar,CART,44,2,0.8469505178365938,0.04948216340621404,0.08515535097813579,0.018411967779056387
Sonar,ACP-Gini,44,2,0.8780207134637514,0.03682393555811277,0.08515535097813579,0.0
Sonar,CART,44,3,0.646484375,0.26171875,0.0,0.091796875
Sonar,ACP-Gini,44,3,0.8208154506437768,0.1791845493562232,0.0,0.0
Sonar,CART,44,4,0.6859799713876967,0.1659513590844063,0.09227467811158799,0.055793991416309016
Sonar,ACP-Gini,44,4,0.8775153105861767,0.0542432195975503,0.0,0.06824146981627296
Pima,CART,42,0,0.9502000889284127,0.016229435304579813,0.03357047576700756,0.0
Pima,ACP-Gini,42,0,0.9501987374327799,0.01706803834463409,0.03273322422258593,0.0
Pima,CART,42,1,0.9067017082785808,0.04704336399474376,0.04625492772667543,0.0
Pima,ACP-Gini,42,1,0.9098339045610335,0.04719219615080411,0.04297389928816241,0.0
Pima,CART,42,2,0.9394505699869183,0.031209119790693327,0.02934031022238834,0.0
Pima,ACP-Gini,42,2,0.9396144767899292,0.029504327301337528,0.03088119590873328,0.0
Pima,CART,42,3,0.9319743472285845,0.056802565277141545,0.011223087494273936,0.0
Pima,ACP-Gini,42,3,0.9387379087977891,0.048134500230308616,0.01312759097190235,0.0
Pima,CART,42,4,0.8675360329444063,0.08853809196980096,0.04392587508579272,0.0
Pima,ACP-Gini,42,4,0.9584696702743519,0.019380820538635792,0.022149509187012334,0.0
Pima,CART,43,0,0.9607142857142857,0.026275510204081632,0.013010204081632653,0.0
Pima,ACP-Gini,43,0,0.9686040477426051,0.024130773222625843,0.007265179034769071,0.0
Pima,CART,43,1,0.9464210080474376,0.011224057602710715,0.042354934349851756,0.0
Pima,ACP-Gini,43,1,0.9473224043715847,0.008961748633879782,0.04371584699453552,0.0
Pima,CART,43,2,0.9314271255060729,0.05895748987854251,0.009615384615384616,0.0
Pima,ACP-Gini,43,2,0.9240948813982521,0.05692883895131086,0.018976279650436953,0.0
Pima,CART,43,3,0.9098073555166375,0.05647985989492119,0.03371278458844133,0.0
Pima,ACP-Gini,43,3,0.8998422712933754,0.06979495268138801,0.03036277602523659,0.0
Pima,CART,43,4,0.9077948953782479,0.05288572085536905,0.039319383766383074,0.0
Pima,ACP-Gini,43,4,0.9136504653567735,0.042140641158221304,0.044208893485005174,0.0
Pima,CART,44,0,0.9519617706237424,0.01936619718309859,0.028672032193158954,0.0
Pima,ACP-Gini,44,0,0.9663105998356615,0.018351136674883594,0.015338263489454943,0.0
Pima,CART,44,1,0.9647470398277718,0.007804090419806243,0.02744886975242196,0.0
Pima,ACP-Gini,44,1,0.9647470398277718,0.007804090419806243,0.02744886975242196,0.0
Pima,CART,44,2,0.9106933019976499,0.05738347042694869,0.03192322757540149,0.0
Pima,ACP-Gini,44,2,0.9229402620475239,0.04086164779036198,0.036198090162114144,0.0
Pima,CART,44,3,0.9016533637400228,0.07069555302166476,0.02765108323831243,0.0
Pima,ACP-Gini,44,3,0.9062143671607754,0.0661345496009122,0.02765108323831243,0.0
Pima,CART,44,4,0.9339822259839188,0.03258569614896318,0.03343207786711807,0.0
Pima,ACP-Gini,44,4,0.9324821467214889,0.033326119887470244,0.0341917333910409,0.0
Diabetes,CART,42,0,0.4291514413317093,0.535931790499391,0.034916768168899714,0.0
Diabetes,ACP-Gini,42,0,0.4614290792747956,0.5385709207252044,0.0,0.0
Diabetes,CART,42,1,0.4015456989247312,0.584005376344086,0.014448924731182795,0.0
Diabetes,ACP-Gini,42,1,0.43821742066171504,0.5617825793382849,0.0,0.0
Diabetes,CART,42,2,0.4392241379310345,0.5137931034482759,0.04698275862068965,0.0
Diabetes,ACP-Gini,42,2,0.5141176470588236,0.4858823529411765,0.0,0.0
Diabetes,CART,42,3,0.3875739644970414,0.5355029585798816,0.07137573964497042,0.005547337278106509
Diabetes,ACP-Gini,42,3,0.3914523449319213,0.5911497730711044,0.01739788199697428,0.0
Diabetes,CART,42,4,0.35356200527704484,0.6222515391380826,0.01802990325417766,0.006156552330694811
Diabetes,ACP-Gini,42,4,0.4059967585089141,0.5773905996758509,0.01661264181523501,0.0
Diabetes,CART,43,0,0.39231030962912555,0.5440626063286832,0.04967676080299421,0.013950323239197007
Diabetes,ACP-Gini,43,0,0.4650788542001931,0.5217251367878983,0.013196009011908594,0.0
Diabetes,CART,43,1,0.27994676131322094,0.6180124223602484,0.09006211180124224,0.011978704525288377
Diabetes,ACP-Gini,43,1,0.4038015762633287,0.5345387111729254,0.041261010662957814,0.020398701900788133
Diabetes,CART,43,2,0.41399304213374566,0.5763432547352145,0.009663703131039814,0.0
Diabetes,ACP-Gini,43,2,0.5255124291321412,0.4478848669864806,0.026602703881378108,0.0
Diabetes,CART,43,3,0.4041288708163904,0.5389427588364092,0.04942133249921802,0.007507037847982484
Diabetes,ACP-Gini,43,3,0.41364452423698383,0.5863554757630162,0.0,0.0
Diabetes,CART,43,4,0.3600900225056264,0.6335333833458364,0.006376594148537134,0.0
Diabetes,ACP-Gini,43,4,0.3469055374592834,0.6530944625407166,0.0,0.0
Diabetes,CART,44,0,0.5033222591362126,0.49667774086378735,0.0,0.0
Diabetes,ACP-Gini,44,0,0.5099230457675172,0.4374240583232078,0.04536249493722155,0.007290400972053463
Diabetes,CART,44,1,0.2935222672064777,0.6348178137651822,0.06639676113360324,0.005263157894736842
Diabetes,ACP-Gini,44,1,0.3779342723004695,0.5827464788732394,0.03931924882629108,0.0
Diabetes,CART,44,2,0.3798424162836507,0.5561391989494419,0.044320420223243596,0.01969796454366382
Diabetes,ACP-Gini,44,2,0.409629044988161,0.5430149960536701,0.0473559589581689,0.0
Diabetes,CART,44,3,0.36137218045112784,0.6099624060150376,0.028665413533834585,0.0
Diabetes,ACP-Gini,44,3,0.4173027989821883,0.5826972010178118,0.0,0.0
Diabetes,CART,44,4,0.4179478012155881,0.5391490883089024,0.04290311047550947,0.0
Diabetes,ACP-Gini,44,4,0.45850284784377543,0.4947111472742067,0.0467860048820179,0.0
Cultivar,CART,42,0,0.050387596899224806,0.8992248062015504,0.050387596899224806,0.0
Cultivar,ACP-Gini,42,0,0.1939655172413793,0.8060344827586207,0.0,0.0
Cultivar,CART,42,1,0.07228915662650602,0.8554216867469879,0.07228915662650602,0.0
Cultivar,ACP-Gini,42,1,0.0,1.0,0.0,0.0
Cultivar,CART,42,2,0.2248062015503876,0.7286821705426356,0.046511627906976744,0.0
Cultivar,ACP-Gini,42,2,0.19658119658119658,0.8034188034188035,0.0,0.0
Cultivar,CART,42,3,0.32,0.36,0.32,0.0
Cultivar,ACP-Gini,42,3,0.32,0.68,0.0,0.0
Cultivar,CART,42,4,0.22393822393822393,0.5521235521235521,0.22393822393822393,0.0
Cultivar,ACP-Gini,42,4,0.19574468085106383,0.8042553191489362,0.0,0.0
Cultivar,CART,43,0,0.22265625,0.6015625,0.17578125,0.0
Cultivar,ACP-Gini,43,0,0.1939655172413793,0.8060344827586207,0.0,0.0
Cultivar,CART,43,1,0.22692307692307692,0.7192307692307692,0.05384615384615385,0.0
Cultivar,ACP-Gini,43,1,0.1939655172413793,0.8060344827586207,0.0,0.0
Cultivar,CART,43,2,0.5854700854700855,0.21794871794871795,0.19658119658119658,0.0
Cultivar,ACP-Gini,43,2,0.6783216783216783,0.32167832167832167,0.0,0.0
Cultivar,CART,43,3,0.07272727272727272,0.603030303030303,0.03636363636363636,0.2878787878787879
Cultivar,ACP-Gini,43,3,0.0,0.6768707482993197,0.0,0.3231292517006803
Cultivar,CART,43,4,0.5606694560669456,0.4393305439330544,0.0,0.0
Cultivar,ACP-Gini,43,4,0.5606694560669456,0.4393305439330544,0.0,0.0
Cultivar,CART,44,0,0.17829457364341086,0.7751937984496124,0.046511627906976744,0.0
Cultivar,ACP-Gini,44,0,0.2248062015503876,0.7751937984496124,0.0,0.0
Cultivar,CART,44,1,0.07228915662650602,0.8554216867469879,0.07228915662650602,0.0
Cultivar,ACP-Gini,44,1,0.0,1.0,0.0,0.0
Cultivar,CART,44,2,0.04296875,0.9140625,0.04296875,0.0
Cultivar,ACP-Gini,44,2,0.19658119658119658,0.8034188034188035,0.0,0.0
Cultivar,CART,44,3,0.0,0.6809815950920245,0.31901840490797545,0.0
Cultivar,ACP-Gini,44,3,0.06134969325153374,0.9386503067484663,0.0,0.0
Cultivar,CART,44,4,0.569620253164557,0.2320675105485232,0.19831223628691982,0.0
Cultivar,ACP-Gini,44,4,0.31543624161073824,0.6845637583892618,0.0,0.0
Digits38,CART,42,0,0.6134020618556701,0.2411225658648339,0.145475372279496,0.0
Digits38,ACP-Gini,42,0,0.6374570446735395,0.2170675830469645,0.145475372279496,0.0
Digits38,CART,42,1,0.3618149675898645,0.4048320565704184,0.23335297583971715,0.0
Digits38,ACP-Gini,42,1,0.3783146729522687,0.3883323512080141,0.23335297583971715,0.0
Digits38,CART,42,2,0.6234772978959026,0.2292358803986711,0.14728682170542637,0.0
Digits38,ACP-Gini,42,2,0.6832779623477298,0.16943521594684385,0.14728682170542637,0.0
Digits38,CART,42,3,0.36909620991253644,0.4641399416909621,0.16676384839650146,0.0
Digits38,ACP-Gini,42,3,0.5300291545189504,0.37667638483965016,0.09329446064139942,0.0
Digits38,CART,42,4,0.5665887850467289,0.2867990654205608,0.1466121495327103,0.0
Digits38,ACP-Gini,42,4,0.6846504559270516,0.2074468085106383,0.10790273556231003,0.0
Digits38,CART,43,0,0.6596491228070176,0.34035087719298246,0.0,0.0
Digits38,ACP-Gini,43,0,0.6830409356725147,0.3169590643274854,0.0,0.0
Digits38,CART,43,1,0.7544802867383512,0.16129032258064516,0.08422939068100359,0.0
Digits38,ACP-Gini,43,1,0.7487775061124694,0.16503667481662593,0.08618581907090464,0.0
Digits38,CART,43,2,0.5073891625615764,0.27257799671592775,0.2200328407224959,0.0
Digits38,ACP-Gini,43,2,0.632183908045977,0.25287356321839083,0.11494252873563218,0.0
Digits38,CART,43,3,0.39119951778179624,0.39119951778179624,0.21760096443640747,0.0
Digits38,ACP-Gini,43,3,0.5418927064496685,0.3743218806509946,0.08378541289933696,0.0
Digits38,CART,43,4,0.3798405466970387,0.3935079726651481,0.2266514806378132,0.0
Digits38,ACP-Gini,43,4,0.47410358565737054,0.34462151394422313,0.18127490039840638,0.0
Digits38,CART,44,0,0.5375302663438256,0.2566585956416465,0.20581113801452786,0.0
Digits38,ACP-Gini,44,0,0.5633575464083939,0.23083131557707828,0.20581113801452786,0.0
Digits38,CART,44,1,0.4181307097680956,0.3949402670414617,0.18692902319044272,0.0
Digits38,ACP-Gini,44,1,0.5503769705277587,0.28169979437971215,0.16792323509252913,0.0
Digits38,CART,44,2,0.47976596782057535,0.38810336421257924,0.13213066796684544,0.0
Digits38,ACP-Gini,44,2,0.5373493975903615,0.3789156626506024,0.08373493975903615,0.0
Digits38,CART,44,3,0.7326139088729017,0.18105515587529977,0.08633093525179857,0.0
Digits38,ACP-Gini,44,3,0.7517985611510791,0.1618705035971223,0.08633093525179857,0.0
Digits38,CART,44,4,0.6272780717225162,0.2275132275132275,0.14520870076425632,0.0
Digits38,ACP-Gini,44,4,0.6250739207569486,0.22885866351271436,0.14606741573033707,0.0
Parkinsons,CART,42,0,0.37174721189591076,0.3104089219330855,0.048327137546468404,0.2695167286245353
Parkinsons,ACP-Gini,42,0,0.4046511627906977,0.3186046511627907,0.27674418604651163,0.0
Parkinsons,CART,42,1,0.39655172413793105,0.3426724137931034,0.2607758620689655,0.0
Parkinsons,ACP-Gini,42,1,0.45535714285714285,0.32589285714285715,0.21875,0.0
Parkinsons,CART,42,2,0.31027253668763105,0.23270440251572327,0.3920335429769392,0.0649895178197065
Parkinsons,ACP-Gini,42,2,0.25510204081632654,0.27040816326530615,0.4744897959183674,0.0
Parkinsons,CART,42,3,0.3652007648183556,0.32887189292543023,0.27724665391969405,0.028680688336520075
Parkinsons,ACP-Gini,42,3,0.3630573248407643,0.3821656050955414,0.25477707006369427,0.0
Parkinsons,CART,42,4,0.10377358490566038,0.15566037735849056,0.5283018867924528,0.21226415094339623
Parkinsons,ACP-Gini,42,4,0.10377358490566038,0.36792452830188677,0.5283018867924528,0.0
Parkinsons,CART,43,0,0.3917910447761194,0.27611940298507465,0.05223880597014925,0.2798507462686567
Parkinsons,ACP-Gini,43,0,0.4948453608247423,0.19072164948453607,0.31443298969072164,0.0
Parkinsons,CART,43,1,0.22690582959641256,0.379372197309417,0.19910313901345292,0.19461883408071748
Parkinsons,ACP-Gini,43,1,0.34444444444444444,0.26296296296296295,0.3925925925925926,0.0
Parkinsons,CART,43,2,0.29116465863453816,0.3755020080321285,0.2971887550200803,0.03614457831325301
Parkinsons,ACP-Gini,43,2,0.4729064039408867,0.5270935960591133,0.0,0.0
Parkinsons,CART,43,3,0.31690140845070425,0.31690140845070425,0.36619718309859156,0.0
Parkinsons,ACP-Gini,43,3,0.39593908629441626,0.3020304568527919,0.3020304568527919,0.0
Parkinsons,CART,43,4,0.13056379821958458,0.2507418397626113,0.23293768545994065,0.3857566765578635
Parkinsons,ACP-Gini,43,4,0.36936936936936937,0.08108108108108109,0.14864864864864866,0.4009009009009009
Parkinsons,CART,44,0,0.26785714285714285,0.20238095238095238,0.1875,0.34226190476190477
Parkinsons,ACP-Gini,44,0,0.36879432624113473,0.12056737588652482,0.10283687943262411,0.4078014184397163
Parkinsons,CART,44,1,0.38823529411764707,0.2372549019607843,0.027450980392156862,0.34705882352941175
Parkinsons,ACP-Gini,44,1,0.39195979899497485,0.30402010050251255,0.0,0.30402010050251255
Parkinsons,CART,44,2,0.18773946360153257,0.16475095785440613,0.6475095785440613,0.0
Parkinsons,ACP-Gini,44,2,0.4740740740740741,0.5259259259259259,0.0,0.0
Parkinsons,CART,44,3,0.22130013831258644,0.2600276625172891,0.32918395573997233,0.18948824343015214
Parkinsons,ACP-Gini,44,3,0.3893333333333333,0.29333333333333333,0.31733333333333336,0.0
Parkinsons,CART,44,4,0.18295739348370926,0.48370927318295737,0.3333333333333333,0.0
Parkinsons,ACP-Gini,44,4,0.3888888888888889,0.43567251461988304,0.17543859649122806,0.0
Musk1,CART,42,0,0.8532322594230364,0.10928616550852811,0.03200673826068646,0.005474836807749
Musk1,ACP-Gini,42,0,0.9718444285373419,0.008351228823669768,0.01980434263898831,0.0
Musk1,CART,42,1,0.8230535894843276,0.1769464105156724,0.0,0.0
Musk1,ACP-Gini,42,1,0.8328638497652582,0.1671361502347418,0.0,0.0
Musk1,CART,42,2,0.8716283716283716,0.06143856143856144,0.047452547452547456,0.01948051948051948
Musk1,ACP-Gini,42,2,0.8839541547277937,0.07879656160458452,0.027698185291308502,0.009551098376313277
Musk1,CART,42,3,0.891616610080961,0.037607730477931575,0.02820579785844868,0.04256986158265866
Musk1,ACP-Gini,42,3,0.8996043521266073,0.10039564787339268,0.0,0.0
Musk1,CART,42,4,0.7436504520017219,0.10804993542832544,0.09879466207490314,0.04950495049504951
Musk1,ACP-Gini,42,4,0.8992080633549316,0.1007919366450684,0.0,0.0
Musk1,CART,43,0,0.6802706241815801,0.2802269751200349,0.015495416848537757,0.02400698384984723
Musk1,ACP-Gini,43,0,0.9369257511795381,0.04122175316612863,0.02185249565433325,0.0
Musk1,CART,43,1,0.853781512605042,0.12797118847539016,0.01248499399759904,0.005762304921968787
Musk1,ACP-Gini,43,1,0.9114924362158501,0.08128245653646421,0.007225107247685708,0.0
Musk1,CART,43,2,0.8108328242720424,0.11912034208918754,0.07004683363877011,0.0
Musk1,ACP-Gini,43,2,0.8951507208387942,0.0581039755351682,0.04674530362603757,0.0
Musk1,CART,43,3,0.7835703001579779,0.08417964342134958,0.05596930715414128,0.07628074926653125
Musk1,ACP-Gini,43,3,0.924872355944566,0.050085096036955996,0.025042548018477998,0.0
Musk1,CART,43,4,0.8473225404732254,0.09066002490660025,0.062017434620174346,0.0
Musk1,ACP-Gini,43,4,0.9100871731008717,0.06500622665006227,0.024906600249066,0.0
Musk1,CART,44,0,0.7138424821002387,0.08496420047732697,0.18233890214797135,0.018854415274463007
Musk1,ACP-Gini,44,0,0.9093252108716027,0.06654170571696345,0.024133083411433928,0.0
Musk1,CART,44,1,0.7296065259117083,0.17802303262955854,0.0458253358925144,0.04654510556621881
Musk1,ACP-Gini,44,1,0.9485205677171037,0.020206879961510705,0.031272552321385615,0.0
Musk1,CART,44,2,0.7276315789473684,0.1324561403508772,0.10416666666666667,0.03574561403508772
Musk1,ACP-Gini,44,2,0.9115236258437801,0.06677917068466731,0.021697203471552556,0.0
Musk1,CART,44,3,0.7342007434944238,0.15985130111524162,0.07899628252788105,0.02695167286245353
Musk1,ACP-Gini,44,3,0.8449134455774248,0.1064737965378231,0.048612757884752195,0.0
Musk1,CART,44,4,0.6227593152064451,0.2503524672708963,0.07955689828801611,0.0473313192346425
Musk1,ACP-Gini,44,4,0.8233734939759036,0.07228915662650602,0.10433734939759036,0.0
Landsat,CART,42,0,0.44705436635726464,0.015963767242418502,0.05948096230346656,0.4775009040968503
Landsat,ACP-Gini,42,0,0.5317461841221081,0.0011135643659402898,0.02380723816837861,0.443333013343573
Landsat,CART,42,1,0.5501571316334547,0.004838940075708878,0.02158774373259053,0.42341618455824587
Landsat,ACP-Gini,42,1,0.5701586694704646,0.00175874593767922,0.021601988147581724,0.40648059644427453
Landsat,CART,42,2,0.48905306936719134,0.0006086324367275863,0.02870716326565115,0.4816311349304299
Landsat,ACP-Gini,42,2,0.5295226130653267,0.00039972590223846506,0.016407796558550326,0.4536698644738846
Landsat,CART,42,3,0.48068468351975174,0.0236632831188983,0.042105773582465894,0.4535462597788841
Landsat,ACP-Gini,42,3,0.5158617069146543,0.002849857507124644,0.06575296235188241,0.41553547322633866
Landsat,CART,42,4,0.5468716219137805,0.015890517576858217,0.030656808059843475,0.40658105244951787
Landsat,ACP-Gini,42,4,0.554966738076446,0.015356860976434773,0.02888713496448303,0.40078926598263614
Landsat,CART,43,0,0.49694629564313425,0.0014850841857097774,0.02734411256938128,0.4742245076017747
Landsat,ACP-Gini,43,0,0.508532550098524,0.002490984124623564,0.023924601256645722,0.4650518645202067
Landsat,CART,43,1,0.5505418053059554,0.003380722762940161,0.021476486183519865,0.42460098574758454
Landsat,ACP-Gini,43,1,0.5685411359208752,0.0,0.02335905889405065,0.40809980518507416
Landsat,CART,43,2,0.529715979919814,0.0008085980930561639,0.05311478723762676,0.416360634749503
Landsat,ACP-Gini,43,2,0.5572619090942174,0.012118344917937333,0.04698133119836966,0.3836384147894756
Landsat,CART,43,3,0.5376841973531896,0.0,0.022197540906673342,0.440118261740137
Landsat,ACP-Gini,43,3,0.5710852038305765,0.0,0.02286233392634089,0.4060524622430826
Landsat,CART,43,4,0.4307769454026045,0.013797504900545519,0.005136075612758134,0.5502894740840918
Landsat,ACP-Gini,43,4,0.5071332294711782,0.000875242879899172,0.021898576855077283,0.4700929507938453
Landsat,CART,44,0,0.4450546970221346,0.019486284364325805,0.0005417036580044239,0.5349173149555352
Landsat,ACP-Gini,44,0,0.532930886255747,0.0,0.04960191380405936,0.4174671999401936
Landsat,CART,44,1,0.5042671362774316,0.0,0.010363045245191006,0.4853698184773774
Landsat,ACP-Gini,44,1,0.5291722688279963,0.002064120287083152,0.023178745242108053,0.4455848656428125
Landsat,CART,44,2,0.5708791916071314,0.005760442813928042,0.0019147840638475896,0.421445581515093
Landsat,ACP-Gini,44,2,0.5838896586471848,0.0,0.0019313935424276776,0.41417894781038755
Landsat,CART,44,3,0.5076891531679311,0.0008574570805450444,0.03659104889369396,0.4548623408578299
Landsat,ACP-Gini,44,3,0.511099927305262,0.0,0.03655240545024138,0.45234766724449665
Landsat,CART,44,4,0.4916517784635374,0.0026798765632613285,0.019684911482865032,0.4859834334903362
Landsat,ACP-Gini,44,4,0.5460637074325337,0.001933558915206774,0.0009334422349274082,0.45106929141733204
Ozone,CART,42,0,0.5929574358597368,0.1541204146144233,0.03837388811291627,0.21454826141292363
Ozone,ACP-Gini,42,0,0.6400062791884149,0.150700521957537,0.0060044739217456145,0.2032887249323025
Ozone,CART,42,1,0.43930775330092736,0.3338504498914055,0.0477470955286655,0.17909470127900162
Ozone,ACP-Gini,42,1,0.6137021955417489,0.2743377691952479,0.041434028798119305,0.07052600646488393
Ozone,CART,42,2,0.4280784146298075,0.09189881524175472,0.1522040772761234,0.32781869285231435
Ozone,ACP-Gini,42,2,0.7120865970409052,0.07860095735422107,0.18559617058311575,0.023716275021758052
Ozone,CART,42,3,0.6080647513489864,0.17132127752661513,0.034490301881289195,0.18612366924310922
Ozone,ACP-Gini,42,3,0.7218893327415298,0.15974996301227992,0.00787838437638704,0.11048231986980322
Ozone,CART,42,4,0.500774393391843,0.10109353733514807,0.1408457314497583,0.25728633782325055
Ozone,ACP-Gini,42,4,0.7286062378167641,0.09727095516569201,0.03620857699805068,0.13791423001949318
Ozone,CART,43,0,0.5121684867394696,0.36209048361934476,0.02468798751950078,0.10105304212168487
Ozone,ACP-Gini,43,0,0.7051338737410956,0.1395234586096782,0.005502333578973225,0.14984033407025302
Ozone,CART,43,1,0.48823726541554957,0.11266756032171582,0.20539544235924934,0.19369973190348524
Ozone,ACP-Gini,43,1,0.7177993193771269,0.037382695679076004,0.22630710529029596,0.018510879653501084
Ozone,CART,43,2,0.6338852184987662,0.07406670381278357,0.1300246756348006,0.1620234020536496
Ozone,ACP-Gini,43,2,0.6581224081224081,0.26851851851851855,0.07053482053482053,0.002824252824252824
Ozone,CART,43,3,0.6505947911314864,0.06015097024068292,0.08900130419317867,0.20025293443465203
Ozone,ACP-Gini,43,3,0.7367534800179614,0.1716434665469241,0.06645711719802425,0.025145936237090254
Ozone,CART,43,4,0.48941986792586806,0.2709294894553717,0.056167009870056094,0.1834836327487041
Ozone,ACP-Gini,43,4,0.7557452396585687,0.12683300503392428,0.08694462683300504,0.03047712847450208
Ozone,CART,44,0,0.7274453359465916,0.1309487352238623,0.04930483248606603,0.09230109634348012
Ozone,ACP-Gini,44,0,0.8045785804816223,0.10947401774397972,0.0563212927756654,0.029626108998732574
Ozone,CART,44,1,0.5158678198545881,0.20199166121084733,0.03276937390165742,0.2493711450329072
Ozone,ACP-Gini,44,1,0.7217270517420998,0.17206852644982057,0.09109850677161709,0.015105915036462553
Ozone,CART,44,2,0.5463973799126638,0.13383597161572053,0.055403930131004364,0.26436271834061137
Ozone,ACP-Gini,44,2,0.6772663032505553,0.23076923076923078,0.07409650716737332,0.017867958812840704
Ozone,CART,44,3,0.5218934095841803,0.21559237950873325,0.05829055706755779,0.2042236538395287
Ozone,ACP-Gini,44,3,0.5323953759297428,0.24917107267676314,0.06452191056546286,0.1539116408280312
Ozone,CART,44,4,0.5317680030076216,0.08640076557640385,0.1525342629618237,0.22929696845415085
Ozone,ACP-Gini,44,4,0.7203184492904119,0.19883301191712408,0.08084853879246402,0.0
