dataset,method,rep,fit_seconds
WDBC,CART,0,0.030377299999599927
WDBC,CART,1,0.025057099999685306
WDBC,CART,2,0.025109900001552887
WDBC,CART,3,0.031096999999135733
WDBC,CART,4,0.030532000000675907
WDBC,CART,5,0.026455799999894225
WDBC,CART,6,0.027808699998786324
WDBC,CART,7,0.03325360000053479
WDBC,CART,8,0.0325183000004472
WDBC,CART,9,0.025192900000547525
WDBC,ACP-global,0,0.035739599999942584
WDBC,ACP-global,1,0.06124189999900409
WDBC,ACP-global,2,0.029875099999117083
WDBC,ACP-global,3,0.03952990000107093
WDBC,ACP-global,4,0.041577399999368936
WDBC,ACP-global,5,0.04078540000045905
WDBC,ACP-global,6,0.028004999998302083
WDBC,ACP-global,7,0.04521349999959057
WDBC,ACP-global,8,0.03218100000049162
WDBC,ACP-global,9,0.03349019999950542
WDBC,ACP-node,0,0.029504399999495945
WDBC,ACP-node,1,0.030257500000516302
WDBC,ACP-node,2,0.028197499999805586
WDBC,ACP-node,3,0.02833650000138732
WDBC,ACP-node,4,0.026301199999579694
WDBC,ACP-node,5,0.03455070000018168
WDBC,ACP-node,6,0.032540599999265396
WDBC,ACP-node,7,0.04191829999945185
WDBC,ACP-node,8,0.02853800000048068
WDBC,ACP-node,9,0.031166599999778555
Wine,CART,0,0.05527290000100038
Wine,CART,1,0.054033200000048964
Wine,CART,2,0.05333989999962796
Wine,CART,3,0.054688300000634626
Wine,CART,4,0.05717019999974582
Wine,CART,5,0.05319069999859494
Wine,CART,6,0.055545300001540454
Wine,CART,7,0.05388099999981932
Wine,CART,8,0.05529310000019905
Wine,CART,9,0.05774600000040664
Wine,ACP-global,0,0.05987939999977243
Wine,ACP-global,1,0.06283720000101312
Wine,ACP-global,2,0.06570449999890116
Wine,ACP-global,3,0.06644559999949706
Wine,ACP-global,4,0.05904000000009546
Wine,ACP-global,5,0.06188079999992624
Wine,ACP-global,6,0.05994280000049912
Wine,ACP-global,7,0.06275129999994533
Wine,ACP-global,8,0.06443510000099195
Wine,ACP-global,9,0.06246869999995397
Wine,ACP-node,0,0.08110920000035549
Wine,ACP-node,1,0.06919480000033218
Wine,ACP-node,2,0.06757380000090052
Wine,ACP-node,3,0.07183219999933499
Wine,ACP-node,4,0.07150259999980335
Wine,ACP-node,5,0.06902260000060778
Wine,ACP-node,6,0.07715839999946184
Wine,ACP-node,7,0.07891109999945911
Wine,ACP-node,8,0.0712876999987202
Wine,ACP-node,9,0.07469630000014149
Ionosphere,CART,0,0.023666799999773502
Ionosphere,CART,1,0.025761599999896134
Ionosphere,CART,2,0.024423900000329013
Ionosphere,CART,3,0.02292710000074294
Ionosphere,CART,4,0.0238392000010208
Ionosphere,CART,5,0.02307420000033744
Ionosphere,CART,6,0.027843900001244037
Ionosphere,CART,7,0.03189179999935732
Ionosphere,CART,8,0.027972299998509698
Ionosphere,CART,9,0.02697269999953278
Ionosphere,ACP-global,0,0.02795189999960712
Ionosphere,ACP-global,1,0.030636600000434555
Ionosphere,ACP-global,2,0.03015859999868553
Ionosphere,ACP-global,3,0.025953099999242113
Ionosphere,ACP-global,4,0.028016500000376254
Ionosphere,ACP-global,5,0.02851879999980156
Ionosphere,ACP-global,6,0.03721850000147242
Ionosphere,ACP-global,7,0.042020099999717786
Ionosphere,ACP-global,8,0.02871430000050168
Ionosphere,ACP-global,9,0.029459100000167382
Ionosphere,ACP-node,0,0.027481399998578127
Ionosphere,ACP-node,1,0.0278044000006048
Ionosphere,ACP-node,2,0.027237500000410364
Ionosphere,ACP-node,3,0.028330700000879006
Ionosphere,ACP-node,4,0.025607199999285513
Ionosphere,ACP-node,5,0.03000859999883687
Ionosphere,ACP-node,6,0.026204800000414252
Ionosphere,ACP-node,7,0.0274515999990399
Ionosphere,ACP-node,8,0.02562500000021828
Ionosphere,ACP-node,9,0.02575520000027609
Sonar,CART,0,0.052690500000608154
Sonar,CART,1,0.05744770000092103
Sonar,CART,2,0.049499000000650994
Sonar,CART,3,0.04097940000065137
Sonar,CART,4,0.04082900000139489
Sonar,CART,5,0.04309359999933804
Sonar,CART,6,0.06577240000115125
Sonar,CART,7,0.049789200000304845
Sonar,CART,8,0.04614890000084415
Sonar,CART,9,0.04535099999884551
Sonar,ACP-global,0,0.040235000000393484
Sonar,ACP-global,1,0.039682999999058666
Sonar,ACP-global,2,0.0569260000011127
Sonar,ACP-global,3,0.047810199999730685
Sonar,ACP-global,4,0.04463989999931073
Sonar,ACP-global,5,0.04253369999969436
Sonar,ACP-global,6,0.04158089999873482
Sonar,ACP-global,7,0.040048299999398296
Sonar,ACP-global,8,0.04205139999976382
Sonar,ACP-global,9,0.04451679999874614
Sonar,ACP-node,0,0.0480212999991636
Sonar,ACP-node,1,0.04667680000056862
Sonar,ACP-node,2,0.05492700000104378
Sonar,ACP-node,3,0.04913520000081917
Sonar,ACP-node,4,0.044297000000369735
Sonar,ACP-node,5,0.04745120000006864
Sonar,ACP-node,6,0.05680939999911061
Sonar,ACP-node,7,0.053063100000144914
Sonar,ACP-node,8,0.04964459999973769
Sonar,ACP-node,9,0.045516199999838136
Pima,CART,0,0.019913000000087777
Pima,CART,1,0.014789099999688915
Pima,CART,2,0.01482409999880474
Pima,CART,3,0.017836999999417458
Pima,CART,4,0.017931899999894085
Pima,CART,5,0.02106360000107088
Pima,CART,6,0.025613699999667006
Pima,CART,7,0.016406999999162508
Pima,CART,8,0.017096600000513718
Pima,CART,9,0.016252899999017245
Pima,ACP-global,0,0.01864650000061374
Pima,ACP-global,1,0.018301500000234228
Pima,ACP-global,2,0.018202999999630265
Pima,ACP-global,3,0.02073269999891636
Pima,ACP-global,4,0.021292299999913666
Pima,ACP-global,5,0.018539100001362385
Pima,ACP-global,6,0.01782630000161589
Pima,ACP-global,7,0.019954999999754364
Pima,ACP-global,8,0.02152099999875645
Pima,ACP-global,9,0.02704939999966882
Pima,ACP-node,0,0.023581000001286156
Pima,ACP-node,1,0.021357200001148158
Pima,ACP-node,2,0.02291710000099556
Pima,ACP-node,3,0.021481300000232295
Pima,ACP-node,4,0.02359479999904579
Pima,ACP-node,5,0.021656099999745493
Pima,ACP-node,6,0.02250389999971958
Pima,ACP-node,7,0.02186729999993986
Pima,ACP-node,8,0.02312260000144306
Pima,ACP-node,9,0.024529499998607207
Diabetes,CART,0,0.01592949999940174
Diabetes,CART,1,0.01601950000076613
Diabetes,CART,2,0.01692880000155128
Diabetes,CART,3,0.016129299998283386
Diabetes,CART,4,0.015948299998854054
Diabetes,CART,5,0.01686830000107875
Diabetes,CART,6,0.016506699999808916
Diabetes,CART,7,0.016784800000095856
Diabetes,CART,8,0.016876800000318326
Diabetes,CART,9,0.01649369999904593
Diabetes,ACP-global,0,0.020112400001380593
Diabetes,ACP-global,1,0.01861569999891799
Diabetes,ACP-global,2,0.01903440000023693
Diabetes,ACP-global,3,0.018414100000882172
Diabetes,ACP-global,4,0.019424500000241096
Diabetes,ACP-global,5,0.019257699999798206
Diabetes,ACP-global,6,0.01867399999900954
Diabetes,ACP-global,7,0.018527799998992123
Diabetes,ACP-global,8,0.01872199999888835
Diabetes,ACP-global,9,0.018671799998628558
Diabetes,ACP-node,0,0.020914799999445677
Diabetes,ACP-node,1,0.021133600001121522
Diabetes,ACP-node,2,0.021321600001101615
Diabetes,ACP-node,3,0.021822700000484474
Diabetes,ACP-node,4,0.021810599999298574
Diabetes,ACP-node,5,0.020327799998995033
Diabetes,ACP-node,6,0.022016099999746075
Diabetes,ACP-node,7,0.02378099999987171
Diabetes,ACP-node,8,0.02310889999898791
Diabetes,ACP-node,9,0.03792260000045644
Cultivar,CART,0,0.004197500000373111
Cultivar,CART,1,0.004625400000804802
Cultivar,CART,2,0.0043749000014940975
Cultivar,CART,3,0.003886200000124518
Cultivar,CART,4,0.003557300000466057
Cultivar,CART,5,0.003910899999027606
Cultivar,CART,6,0.0037406999999802792
Cultivar,CART,7,0.003814300000158255
Cultivar,CART,8,0.0039060000017343555
Cultivar,CART,9,0.003624599999966449
Cultivar,ACP-global,0,0.004530199999862816
Cultivar,ACP-global,1,0.003968400000303518
Cultivar,ACP-global,2,0.004407499998706044
Cultivar,ACP-global,3,0.0043162999991182005
Cultivar,ACP-global,4,0.004260300000169082
Cultivar,ACP-global,5,0.004474699999263976
Cultivar,ACP-global,6,0.004087600000275415
Cultivar,ACP-global,7,0.004610300000422285
Cultivar,ACP-global,8,0.004683700000896351
Cultivar,ACP-global,9,0.004136300000027404
Cultivar,ACP-node,0,0.004629200000636047
Cultivar,ACP-node,1,0.003949500000089756
Cultivar,ACP-node,2,0.0039920999988680705
Cultivar,ACP-node,3,0.004022900000563823
Cultivar,ACP-node,4,0.00407190000078117
Cultivar,ACP-node,5,0.004771400001118309
Cultivar,ACP-node,6,0.0038241000002017245
Cultivar,ACP-node,7,0.0038597000002482673
Cultivar,ACP-node,8,0.004094500000064727
Cultivar,ACP-node,9,0.003926399998817942
Digits38,CART,0,0.025359899998875335
Digits38,CART,1,0.027220300000408315
Digits38,CART,2,0.02885240000068734
Digits38,CART,3,0.027905199998713215
Digits38,CART,4,0.030646799999885843
Digits38,CART,5,0.027788800000053016
Digits38,CART,6,0.026774900001328206
Digits38,CART,7,0.026230800000121235
Digits38,CART,8,0.02572870000039984
Digits38,CART,9,0.026215500000034808
Digits38,ACP-global,0,0.031664600001022336
Digits38,ACP-global,1,0.031232199999067234
Digits38,ACP-global,2,0.03601120000166702
Digits38,ACP-global,3,0.031301900000471505
Digits38,ACP-global,4,0.034582899999804795
Digits38,ACP-global,5,0.039506499999333755
Digits38,ACP-global,6,0.030715900000359397
Digits38,ACP-global,7,0.03200010000000475
Digits38,ACP-global,8,0.03461539999989327
Digits38,ACP-global,9,0.03509409999969648
Digits38,ACP-node,0,0.033085099999880185
Digits38,ACP-node,1,0.03210600000056729
Digits38,ACP-node,2,0.0333652000008442
Digits38,ACP-node,3,0.03247110000120301
Digits38,ACP-node,4,0.03898680000020249
Digits38,ACP-node,5,0.035794999999779975
Digits38,ACP-node,6,0.03365699999994831
Digits38,ACP-node,7,0.032865099999980885
Digits38,ACP-node,8,0.033145999999760534
Digits38,ACP-node,9,0.03224889999910374
