metric,dataset,acp_nested,cart,diff,ci_lo,ci_hi,p_nb,dz,p_nb_holm
accuracy,WDBC,0.9332557056357709,0.9338146250582209,-0.0005589194224498995,-0.024774477896240956,0.023656639051341157,0.9612171102264586,-0.027857362326667013,1.0
accuracy,Wine,0.7467031839087266,0.7472178993703243,-0.0005147154615976628,-0.013143459293083349,0.012114028369888022,0.931578857677221,-0.049191757729013734,1.0
accuracy,Pima,0.737413349178055,0.7374020315196785,1.1317658376475137e-05,-0.03298968877481276,0.03301232409156571,0.9994234926918498,0.00041391834658219924,1.0
accuracy,Ionosphere,0.8812743125419183,0.8850972501676728,-0.003822937625754526,-0.033905887808605234,0.026260012557096184,0.7891709328868826,-0.15337764613479873,1.0
accuracy,Sonar,0.7147502903600463,0.7371273712737126,-0.02237708091366627,-0.08315589941404423,0.038401737586711684,0.44290093885956006,-0.44436153624492564,1.0
accuracy,Diabetes,0.6741998638066053,0.6741998638066053,-7.401486830834377e-18,-0.04418915275126441,0.04418915275126439,0.9999999999999998,-2.0215690346470535e-16,1.0
accuracy,Cultivar,0.9492063492063493,0.9510052910052911,-0.0017989417989417926,-0.025497073012222933,0.021899189414339347,0.8729929658824962,-0.09161957942088948,1.0
accuracy,Digits38,0.9374282733437662,0.9327595200834637,0.004668753260302531,-0.0221960387188371,0.03153354523944216,0.7149271907588883,0.2097503629966033,1.0
macro_f1,WDBC,0.9279607738704602,0.9286190350900221,-0.0006582612195618731,-0.02720382662221831,0.025887304183094564,0.9583358581695225,-0.029928956210120747,1.0
macro_f1,Wine,0.7266003444653397,0.7245731926467343,0.0020271518186053107,-0.012167077696170384,0.016221381333381007,0.7638779841841266,0.17236922650100406,1.0
macro_f1,Pima,0.6992998224762342,0.6981211553332213,0.0011786671430128238,-0.04396696082601643,0.04632429511204208,0.9561360397157079,0.03151089651843833,1.0
macro_f1,Ionosphere,0.8697997343409152,0.8742779742765906,-0.004478239935675354,-0.03866663844612505,0.029710158574774343,0.7828660923268226,-0.15809345171814534,1.0
macro_f1,Sonar,0.7133201900476701,0.7355839976515739,-0.022263807603903927,-0.08332910012725854,0.03880148491945069,0.44725737941183064,-0.44003809835432783,1.0
macro_f1,Diabetes,0.672469720094539,0.6727487887340468,-0.0002790686395076625,-0.045004781442232085,0.04444664416321676,0.989511452755572,-0.00753076412656509,1.0
macro_f1,Cultivar,0.9426255583000842,0.9445467619416524,-0.0019212036415683956,-0.027924318061161,0.02408191077802421,0.8763538481199422,-0.08917298712067241,1.0
macro_f1,Digits38,0.9372306115437499,0.9325004702279698,0.00473014131577986,-0.022338659546964915,0.031798942178524636,0.7134322153641346,0.21090670140246684,1.0
auc,WDBC,0.9568668940140989,0.952739607325261,0.00412728668883812,-0.021271947161696725,0.029526520539372964,0.7326349364044724,0.19612334911298596,1.0
auc,Wine,0.8005531715010257,0.7974241593740357,0.0031290121269900977,-0.004431773466473728,0.010689797720453923,0.38974275713178486,0.499488627359201,1.0
auc,Pima,0.7695149079897509,0.7740616119263918,-0.004546703936641028,-0.03283751273913631,0.023744104865854255,0.7354467738504666,-0.19397090527713717,1.0
auc,Ionosphere,0.9049219373219373,0.9095623931623932,-0.004640455840455848,-0.04878708354150147,0.03950617186058978,0.8248882308453728,-0.1268669183732538,1.0
auc,Sonar,0.7649285763816657,0.7522028638790653,0.012725712502600328,-0.03320759982365102,0.05865902482885168,0.5618529343655174,0.3343794845633739,1.0
auc,Diabetes,0.7445657330884605,0.7525906795224977,-0.008024946434037313,-0.045161045859002096,0.029111152990927473,0.65014456379162,-0.2608141424989057,1.0
auc,Cultivar,0.9530559215341825,0.9558794466403161,-0.0028235251061337657,-0.03159897341754914,0.025951923205281606,0.8363468846849749,-0.11842812023751215,1.0
auc,Digits38,0.961798395033689,0.964568181627005,-0.002769786593315985,-0.02252110770699146,0.016981534520359488,0.7680103957950641,-0.16925263542407215,1.0
bootstrap_weighted_redundancy,WDBC,0.48696199000420054,0.6205873700897517,-0.13362538008555108,-0.2596732200268863,-0.007577540144215855,0.039255534935866,-1.2794956879551422,0.039255534935866
bootstrap_weighted_redundancy,Wine,0.1305591084955756,0.18261468746962364,-0.05205557897404804,-0.05771111850631776,-0.046400039441778326,1.2827488682034353e-11,-11.109090875432718,1.0261990945627483e-10
bootstrap_weighted_redundancy,Pima,0.1754903664044072,0.17985671891728797,-0.0043663525128807635,-0.007552582012856677,-0.0011801230129048499,0.010774191088770148,-1.6539676905247018,0.021548382177540296
bootstrap_weighted_redundancy,Ionosphere,0.13662806208648584,0.16790262997585287,-0.031274567889366965,-0.041858081662927926,-0.020691054115806004,1.835058596621689e-05,-3.5665368804876887,0.00012845410176351823
bootstrap_weighted_redundancy,Sonar,0.1799167904859006,0.21834031995143469,-0.03842352946553405,-0.054446003308132124,-0.022401055622935973,0.00014928725251408357,-2.8943627801135383,0.0008957235150845015
bootstrap_weighted_redundancy,Diabetes,0.33504352623470723,0.35162540829462446,-0.016581882059917296,-0.026536782596442914,-0.006626981523391678,0.0030606360952190837,-2.010398619743051,0.00918190828565725
bootstrap_weighted_redundancy,Cultivar,0.36070387227274114,0.4527181840540652,-0.09201431178132399,-0.1344482495460936,-0.049580374016554386,0.00037452660137729304,-2.617142245414027,0.0018726330068864652
bootstrap_weighted_redundancy,Digits38,0.3408371711305695,0.37509056440151095,-0.0342533932709415,-0.053067434210143594,-0.015439352331739403,0.0015865030258851672,-2.197388244580074,0.006346012103540669
path_corr_boot,WDBC,0.38187505238268066,0.5261963169448393,-0.14432126456215863,-0.25419991831013466,-0.03444261081418261,0.013711034536919627,-1.5852664795061595,0.013711034536919627
path_corr_boot,Wine,0.1566581244873603,0.22106995631776669,-0.0644118318304064,-0.07036715471804471,-0.05845650894276809,1.4275655663043442e-12,-13.054060403712548,1.1420524530434754e-11
path_corr_boot,Pima,0.1594176531894144,0.16901951535615803,-0.009601862166743665,-0.016023322233251515,-0.0031804021002358168,0.006331140021674911,-1.8047080770616941,0.012662280043349822
path_corr_boot,Ionosphere,0.11843312806502113,0.1572088328322011,-0.03877570476717994,-0.05145824006476234,-0.02609316946959754,1.2752334591784711e-05,-3.690106505070293,7.651400755070826e-05
path_corr_boot,Sonar,0.15610945014314376,0.22171736672340037,-0.06560791658025661,-0.08484639734195476,-0.04636943581855846,3.824623859930617e-06,-4.115956289787456,2.6772367019514322e-05
path_corr_boot,Diabetes,0.31536654350526805,0.3416235976898416,-0.02625705418457355,-0.04003796466262064,-0.012476143706526456,0.0011110360305985852,-2.299605663678696,0.0033331080917957554
path_corr_boot,Cultivar,0.2156785125697325,0.3173582966713953,-0.10167978410166284,-0.14937976177511791,-0.05397980642820778,0.0004351042982926176,-2.572774486818242,0.0021755214914630882
path_corr_boot,Digits38,0.2936702418982043,0.33642113868235807,-0.04275089678415379,-0.0628418355830056,-0.02265995798530198,0.0004418871921069168,-2.568208501976277,0.0021755214914630882
importance_rank_corr,WDBC,0.22948323852789645,0.2978239876099888,-0.06834074908209242,-0.10430523598968816,-0.032376262174496684,0.0011350068913931054,-2.293459876975352,0.005675034456965527
importance_rank_corr,Wine,0.8374178888248692,0.6660313408966494,0.1713865479282202,0.13612449437332733,0.20664860148311306,5.568672105430842e-08,5.866166849688242,4.4549376843446735e-07
importance_rank_corr,Pima,0.7171784102507418,0.697665812223621,0.0195125980271207,-0.010805608684129112,0.04983080473837051,0.18911586590146187,0.7767779141361044,0.7564634636058475
importance_rank_corr,Ionosphere,0.37763874678500303,0.38835346806744525,-0.010714721282442144,-0.049315896525422294,0.02788645396053801,0.5611176397525445,-0.33501606391571204,1.0
importance_rank_corr,Sonar,0.09107131745007012,0.12791241399469355,-0.036841096544623454,-0.050059776778173956,-0.023622416311072956,3.38255190425032e-05,-3.3637966362348775,0.0002029531142550192
importance_rank_corr,Diabetes,0.5738607509565482,0.5623506623843074,0.011510088572240833,-0.040236726575882835,0.0632569037203645,0.640675915409661,0.2684604543323094,1.0
importance_rank_corr,Cultivar,0.4567171311519812,0.4932204319690693,-0.03650330081708786,-0.11524587097762216,0.04223926934344645,0.3369639540520435,-0.5595099730097369,1.0
importance_rank_corr,Digits38,0.31356106175929727,0.3962061189015981,-0.08264505714230085,-0.10313431263359507,-0.06215580165100662,5.444427021234255e-07,-4.868284912947552,3.8110989148639786e-06
