rho,alpha,rep,method,accuracy,macro_f1,auc,signal_recovery_rate,copy_dilution,root_feature,n_nodes,depth
0.7,0.0,0,CART,0.8066666666666666,0.806658073692164,0.8468616642958748,0.8,0.2187188136488717,0,75,6
0.7,0.0,0,RRF-style,0.8066666666666666,0.8064516129032258,0.8414162517780939,0.8,0.20264387104284268,0,69,6
0.7,0.0,0,ACP-Gini,0.8066666666666666,0.806658073692164,0.8468616642958748,0.8,0.2187188136488717,0,75,6
0.7,0.2,0,ACP-Gini,0.8066666666666666,0.8066322901849218,0.8461948790896159,0.8,0.16835136004615484,0,71,6
0.7,0.4,0,ACP-Gini,0.8333333333333334,0.8332666399893291,0.8501289118065434,0.8,0.11778080511959371,0,69,6
0.7,0.6,0,ACP-Gini,0.8333333333333334,0.8332666399893291,0.8432387980085349,0.8,0.11618005870083481,0,67,6
0.7,0.8,0,ACP-Gini,0.85,0.8498648783905515,0.8795119132290186,0.8,0.10685598424226266,0,73,6
0.7,1.0,0,ACP-Gini,0.85,0.8498648783905515,0.8795119132290186,0.8,0.10685598424226266,0,73,6
0.7,0.0,1,CART,0.77,0.7631551848419318,0.7912930416068866,0.8,0.19004128416566138,0,67,6
0.7,0.0,1,RRF-style,0.81,0.8052192138146279,0.8593301649928263,0.8,0.034523695834417986,0,65,6
0.7,0.0,1,ACP-Gini,0.77,0.7631551848419318,0.7912930416068866,0.8,0.19004128416566138,0,67,6
0.7,0.2,1,ACP-Gini,0.76,0.7536945812807883,0.8062679340028693,0.8,0.17371277886450878,0,69,6
0.7,0.4,1,ACP-Gini,0.7633333333333333,0.7573783189620804,0.8201443687230989,0.8,0.1455689879237902,0,67,6
0.7,0.6,1,ACP-Gini,0.7766666666666666,0.7715260017050298,0.8373610114777618,0.8,0.1330774658633524,0,69,6
0.7,0.8,1,ACP-Gini,0.7533333333333333,0.7484020127838977,0.8231034791965566,0.8,0.133880233596946,0,69,6
0.7,1.0,1,ACP-Gini,0.7533333333333333,0.7484020127838977,0.8231034791965566,0.8,0.133880233596946,0,69,6
0.7,0.0,2,CART,0.7866666666666666,0.7865148550080057,0.8268367482999244,0.8,0.16194500802278552,0,71,6
0.7,0.0,2,RRF-style,0.81,0.8099809980998101,0.8867727454553536,0.8,0.09839402641243487,0,69,6
0.7,0.0,2,ACP-Gini,0.7866666666666666,0.7865148550080057,0.8268367482999244,0.8,0.16194500802278552,0,71,6
0.7,0.2,2,ACP-Gini,0.79,0.7899416504584607,0.8331259167074092,0.6,0.15801086132573805,0,71,6
0.7,0.4,2,ACP-Gini,0.7833333333333333,0.7832153061111049,0.8298368816391839,0.6,0.14267725884946536,0,71,6
0.7,0.6,2,ACP-Gini,0.7866666666666666,0.7865812991863412,0.8410818258589271,0.6,0.12770908602679332,0,71,6
0.7,0.8,2,ACP-Gini,0.79,0.7899416504584607,0.8464376194497534,0.6,0.11431593490557429,0,71,6
0.7,1.0,2,ACP-Gini,0.7833333333333333,0.783138157675241,0.8508822614338416,0.6,0.10199005203846732,0,69,6
0.7,0.0,3,CART,0.78,0.7799119647859143,0.8189379114036649,0.8,0.11181628797269154,0,73,6
0.7,0.0,3,RRF-style,0.82,0.8193496587715776,0.8691069204767835,0.8,0.046812488922682374,0,71,6
0.7,0.0,3,ACP-Gini,0.78,0.7799119647859143,0.8189379114036649,0.8,0.11181628797269154,0,73,6
0.7,0.2,3,ACP-Gini,0.7833333333333333,0.7832153061111049,0.8310798790250845,0.8,0.09622096934510385,0,73,6
0.7,0.4,3,ACP-Gini,0.8133333333333334,0.8133250366682965,0.8703077744173635,0.8,0.01245458503128282,0,73,6
0.7,0.6,3,ACP-Gini,0.8033333333333333,0.8033311481238681,0.8679727806440135,0.8,0.01211236341312545,0,73,6
0.7,0.8,3,ACP-Gini,0.8033333333333333,0.8033311481238681,0.8679727806440135,0.8,0.01211236341312545,0,73,6
0.7,1.0,3,ACP-Gini,0.8033333333333333,0.8033311481238681,0.8679727806440135,0.8,0.01211236341312545,0,73,6
0.7,0.0,4,CART,0.79,0.7899416504584607,0.8410030678938242,0.8,0.16834355562438574,0,71,6
0.7,0.0,4,RRF-style,0.79,0.7899416504584607,0.8342225779200569,0.8,0.23874256710323574,0,77,6
0.7,0.0,4,ACP-Gini,0.79,0.7899416504584607,0.8410030678938242,0.8,0.16834355562438574,0,71,6
0.7,0.2,4,ACP-Gini,0.78,0.7799608819345661,0.8237517229113868,0.8,0.1704394622821053,0,71,6
0.7,0.4,4,ACP-Gini,0.79,0.7894736842105263,0.8202169756791606,0.6,0.15965217648912555,0,71,6
0.7,0.6,4,ACP-Gini,0.7933333333333333,0.7930021367521367,0.8286425681383665,0.6,0.1511606026105234,0,71,6
0.7,0.8,4,ACP-Gini,0.7933333333333333,0.7930021367521367,0.8286425681383665,0.6,0.1511606026105234,0,71,6
0.7,1.0,4,ACP-Gini,0.7933333333333333,0.7930021367521367,0.8286425681383665,0.6,0.1511606026105234,0,71,6
0.7,0.0,5,CART,0.74,0.7399884439308414,0.7999866642958748,0.6,0.16008911291584874,0,69,6
0.7,0.0,5,RRF-style,0.7333333333333333,0.732751325108013,0.8070101351351352,1.0,0.0817517469067567,0,69,6
0.7,0.0,5,ACP-Gini,0.74,0.7399884439308414,0.7999866642958748,0.6,0.16008911291584874,0,69,6
0.7,0.2,5,ACP-Gini,0.74,0.7399884439308414,0.7969639046941679,0.6,0.16228980711548352,0,69,6
0.7,0.4,5,ACP-Gini,0.7466666666666667,0.7466666666666667,0.8099884423897581,1.0,0.0761625759747035,0,69,6
0.7,0.6,5,ACP-Gini,0.7466666666666667,0.7466666666666667,0.8132556899004267,1.0,0.06646309190448425,0,69,6
0.7,0.8,5,ACP-Gini,0.7466666666666667,0.7466666666666667,0.8132556899004267,1.0,0.06646309190448425,0,69,6
0.7,1.0,5,ACP-Gini,0.7466666666666667,0.7466666666666667,0.8132556899004267,1.0,0.06646309190448425,0,69,6
0.7,0.0,6,CART,0.83,0.8299981110901232,0.8782273860398861,0.8,0.09007427814572873,0,75,6
0.7,0.0,6,RRF-style,0.8133333333333334,0.8132586367880486,0.8846376424501425,0.8,0.11109005986724016,0,77,6
0.7,0.0,6,ACP-Gini,0.83,0.8299981110901232,0.8782273860398861,0.8,0.09007427814572873,0,75,6
0.7,0.2,6,ACP-Gini,0.84,0.8399715504978662,0.8817663817663819,0.8,0.09866355658384535,0,73,6
0.7,0.4,6,ACP-Gini,0.84,0.8399715504978662,0.8821002492877493,0.8,0.09853635802009997,0,73,6
0.7,0.6,6,ACP-Gini,0.83,0.8299829982998299,0.8871750356125356,0.8,0.06913288708108639,0,75,6
0.7,0.8,6,ACP-Gini,0.83,0.8299829982998299,0.8871750356125356,0.8,0.06913288708108639,0,75,6
0.7,1.0,6,ACP-Gini,0.8333333333333334,0.8333036984352773,0.8861289173789174,1.0,0.05702664869492577,0,73,6
0.7,0.0,7,CART,0.8166666666666667,0.8163217597488618,0.8634161518289702,0.8,0.18722989587095296,0,69,6
0.7,0.0,7,RRF-style,0.8033333333333333,0.8030685699662881,0.8470154229076847,0.8,0.13429626037587875,0,69,6
0.7,0.0,7,ACP-Gini,0.8166666666666667,0.8163217597488618,0.8634161518289702,0.8,0.18722989587095296,0,69,6
0.7,0.2,7,ACP-Gini,0.81,0.8092348196655473,0.8497711009378195,0.8,0.19748637918251963,0,69,6
0.7,0.4,7,ACP-Gini,0.8,0.7989186290718977,0.8380372460998267,0.8,0.1556217304796285,0,69,6
0.7,0.6,7,ACP-Gini,0.8,0.7989186290718977,0.8393261922752122,0.8,0.1503925682459114,0,69,6
0.7,0.8,7,ACP-Gini,0.82,0.8197115384615384,0.8716609627094538,0.8,0.11967869606162931,0,69,6
0.7,1.0,7,ACP-Gini,0.82,0.8197115384615384,0.8709498199919996,0.8,0.11971960485717091,0,69,6
0.7,0.0,8,CART,0.7933333333333333,0.7927438045997504,0.842425859232582,0.6,0.13545654100213608,0,75,6
0.7,0.0,8,RRF-style,0.8166666666666667,0.8160760664801417,0.8535191854519587,0.8,0.08684420258008818,0,83,6
0.7,0.0,8,ACP-Gini,0.7933333333333333,0.7927438045997504,0.842425859232582,0.6,0.13545654100213608,0,75,6
0.7,0.2,8,ACP-Gini,0.7966666666666666,0.7960116373688846,0.8445378151260504,0.6,0.12394501002090232,0,77,6
0.7,0.4,8,ACP-Gini,0.7866666666666666,0.7857142857142858,0.8360899915521764,0.8,0.08916598791198901,0,81,6
0.7,0.6,8,ACP-Gini,0.7833333333333333,0.7822664388838643,0.832999866613312,0.8,0.0917352176161244,0,81,6
0.7,0.8,8,ACP-Gini,0.7833333333333333,0.7822664388838643,0.832999866613312,0.8,0.0917352176161244,0,81,6
0.7,1.0,8,ACP-Gini,0.7833333333333333,0.7822664388838643,0.832999866613312,0.8,0.0917352176161244,0,81,6
0.7,0.0,9,CART,0.8133333333333334,0.8133250366682965,0.8746610960487132,0.6,0.18391558095437893,0,77,6
0.7,0.0,9,RRF-style,0.81,0.8099472075576549,0.8858393706386949,0.6,0.1567894944579939,0,79,6
0.7,0.0,9,ACP-Gini,0.8133333333333334,0.8133250366682965,0.8746610960487132,0.6,0.18391558095437893,0,77,6
0.7,0.2,9,ACP-Gini,0.8066666666666666,0.8066322901849218,0.8667051868971954,0.8,0.1734709211979979,0,77,6
0.7,0.4,9,ACP-Gini,0.8,0.7999911107160318,0.8694164185074893,0.6,0.15977209519663008,0,77,6
0.7,0.6,9,ACP-Gini,0.82,0.8199279711884754,0.8785057113649495,0.6,0.14272867402443998,0,77,6
0.7,0.8,9,ACP-Gini,0.8233333333333334,0.8233156648998233,0.8890617360771589,0.6,0.12756118132275868,0,79,6
0.7,1.0,9,ACP-Gini,0.8233333333333334,0.8233156648998233,0.8890617360771589,0.6,0.12756118132275868,0,79,6
0.8,0.0,0,CART,0.7666666666666667,0.7666251778093883,0.8217683143669986,0.6,0.31619337311898194,0,71,6
0.8,0.0,0,RRF-style,0.7733333333333333,0.7732426303854876,0.8302142603129445,0.4,0.275234796919866,0,73,6
0.8,0.0,0,ACP-Gini,0.7666666666666667,0.7666251778093883,0.8217683143669986,0.6,0.31619337311898194,0,71,6
0.8,0.2,0,ACP-Gini,0.8166666666666667,0.8166157265907197,0.8520181365576103,0.6,0.2507924712223785,0,65,6
0.8,0.4,0,ACP-Gini,0.8266666666666667,0.8266666666666667,0.8542407539118065,0.6,0.23350380826825143,0,65,6
0.8,0.6,0,ACP-Gini,0.8333333333333334,0.8333036984352773,0.8649315433854907,0.6,0.18898159883676496,0,63,6
0.8,0.8,0,ACP-Gini,0.8333333333333334,0.8333036984352773,0.8573524182076815,0.6,0.18765813753273716,0,63,6
0.8,1.0,0,ACP-Gini,0.83,0.8299981110901232,0.8484841749644381,0.6,0.192523290852034,0,61,6
0.8,0.0,1,CART,0.76,0.755656108597285,0.7847695480631278,0.6,0.22943077104444115,0,65,6
0.8,0.0,1,RRF-style,0.7966666666666666,0.7935259672123749,0.8423601147776183,0.8,0.0553114780425661,0,63,6
0.8,0.0,1,ACP-Gini,0.76,0.755656108597285,0.7847695480631278,0.6,0.22943077104444115,0,65,6
0.8,0.2,1,ACP-Gini,0.7733333333333333,0.7692307692307693,0.823058644189383,0.6,0.1703781024096812,0,65,6
0.8,0.4,1,ACP-Gini,0.7733333333333333,0.7692307692307693,0.823058644189383,0.6,0.1703781024096812,0,65,6
0.8,0.6,1,ACP-Gini,0.78,0.7756017951856384,0.8320928981348636,0.6,0.1571344207256144,0,65,6
0.8,0.8,1,ACP-Gini,0.79,0.7851662404092072,0.8450726327116211,0.8,0.13874315096471404,0,69,6
0.8,1.0,1,ACP-Gini,0.7933333333333333,0.7883573801829684,0.8509684361549498,0.8,0.12740959083112824,0,69,6
0.8,0.0,2,CART,0.8033333333333333,0.8028404344193818,0.8394595315347348,0.8,0.17177899967561036,0,67,6
0.8,0.0,2,RRF-style,0.8133333333333334,0.8131256952169077,0.8801280056891417,0.8,0.07140126184512591,0,69,6
0.8,0.0,2,ACP-Gini,0.8033333333333333,0.8028404344193818,0.8394595315347348,0.8,0.17177899967561036,0,67,6
0.8,0.2,2,ACP-Gini,0.8033333333333333,0.8032262009316183,0.8320814258411485,0.8,0.16490526448820164,0,69,6
0.8,0.4,2,ACP-Gini,0.7966666666666666,0.7964835018183032,0.8290590692919686,0.8,0.14917137777490125,0,69,6
0.8,0.6,2,ACP-Gini,0.7933333333333333,0.7931862657890055,0.8361038268367482,0.8,0.15926631238214375,0,71,6
0.8,0.8,2,ACP-Gini,0.7933333333333333,0.7931862657890055,0.8361038268367482,0.8,0.15926631238214375,0,71,6
0.8,1.0,2,ACP-Gini,0.7933333333333333,0.7931862657890055,0.8361038268367482,0.8,0.15926631238214375,0,71,6
0.8,0.0,3,CART,0.7866666666666666,0.7863247863247863,0.8283446006048747,0.8,0.1849782424961357,0,67,6
0.8,0.0,3,RRF-style,0.81,0.8092348196655473,0.88140455434976,0.8,0.126215970858559,0,63,6
0.8,0.0,3,ACP-Gini,0.7866666666666666,0.7863247863247863,0.8283446006048747,0.8,0.1849782424961357,0,67,6
0.8,0.2,3,ACP-Gini,0.8033333333333333,0.8030685699662881,0.8622798434442269,0.8,0.17064594175279,0,67,6
0.8,0.4,3,ACP-Gini,0.8133333333333334,0.8131256952169077,0.8696406333392634,0.8,0.1277695149809253,0,71,6
0.8,0.6,3,ACP-Gini,0.7733333333333333,0.773172033446006,0.8605230386052304,0.8,0.10691539174181972,0,71,6
0.8,0.8,3,ACP-Gini,0.77,0.7698747095640961,0.8611012275395836,0.8,0.09054274224335962,0,71,6
0.8,1.0,3,ACP-Gini,0.77,0.7698747095640961,0.8611012275395836,0.8,0.09054274224335962,0,71,6
0.8,0.0,4,CART,0.77,0.769792813532179,0.8254857498554977,0.8,0.2143254094544164,0,67,6
0.8,0.0,4,RRF-style,0.78,0.7797552836484983,0.819816815615135,0.8,0.20552951983149376,0,71,6
0.8,0.0,4,ACP-Gini,0.77,0.769792813532179,0.8254857498554977,0.8,0.2143254094544164,0,67,6
0.8,0.2,4,ACP-Gini,0.7766666666666666,0.7765450078376005,0.8175492419189898,0.8,0.19678624888866858,0,71,6
0.8,0.4,4,ACP-Gini,0.77,0.7698747095640961,0.8221733137699523,0.8,0.14370533949816255,0,71,6
0.8,0.6,4,ACP-Gini,0.7833333333333333,0.7832153061111049,0.8340224978880441,0.8,0.14398471373048777,0,71,6
0.8,0.8,4,ACP-Gini,0.7833333333333333,0.7832153061111049,0.8340224978880441,0.8,0.14398471373048777,0,71,6
0.8,1.0,4,ACP-Gini,0.7833333333333333,0.7832153061111049,0.8340224978880441,0.8,0.14398471373048777,0,71,6
0.8,0.0,5,CART,0.7366666666666667,0.7366403306997367,0.805832147937411,0.6,0.18498396298416908,0,65,6
0.8,0.0,5,RRF-style,0.7433333333333333,0.7432620172270075,0.8009646159317212,0.8,0.17451399088297376,0,69,6
0.8,0.0,5,ACP-Gini,0.7366666666666667,0.7366403306997367,0.805832147937411,0.6,0.18498396298416908,0,65,6
0.8,0.2,5,ACP-Gini,0.7166666666666667,0.7166635184835387,0.7978974039829303,0.6,0.1894147624765487,0,69,6
0.8,0.4,5,ACP-Gini,0.74,0.739814979541007,0.8104329658605974,0.8,0.1328239278690196,0,69,6
0.8,0.6,5,ACP-Gini,0.74,0.74,0.796208214793741,0.8,0.16699851546404715,0,71,6
0.8,0.8,5,ACP-Gini,0.7533333333333333,0.7532894736842105,0.8017425320056899,0.8,0.15781025099887888,0,71,6
0.8,1.0,5,ACP-Gini,0.76,0.7598292118840064,0.8211682076813657,0.6,0.17309369881818912,0,71,6
0.8,0.0,6,CART,0.8033333333333333,0.8028404344193818,0.8648726851851851,0.8,0.17763504550804501,0,69,6
0.8,0.0,6,RRF-style,0.8366666666666667,0.8364467784465781,0.9097444800569799,0.8,0.10867880547445936,0,73,6
0.8,0.0,6,ACP-Gini,0.8033333333333333,0.8028404344193818,0.8648726851851851,0.8,0.17763504550804501,0,69,6
0.8,0.2,6,ACP-Gini,0.7966666666666666,0.7961570593149541,0.8675436253561253,0.8,0.18352115862985122,0,71,6
0.8,0.4,6,ACP-Gini,0.8133333333333334,0.813034188034188,0.8762464387464388,0.8,0.16305626711705423,0,71,6
0.8,0.6,6,ACP-Gini,0.81,0.8098288459613652,0.875957086894587,0.8,0.1554317131407367,0,73,6
0.8,0.8,6,ACP-Gini,0.82,0.8196071444479087,0.8798299501424501,0.8,0.1542702518690469,0,73,6
0.8,1.0,6,ACP-Gini,0.81,0.8098288459613652,0.8772702991452992,0.8,0.16288249007500744,0,69,6
0.8,0.0,7,CART,0.8133333333333334,0.8133001422475107,0.8337926130050224,0.6,0.3095055402140959,0,67,6
0.8,0.0,7,RRF-style,0.7766666666666666,0.7766641851576128,0.8253700164451754,0.6,0.34547404976425733,0,67,6
0.8,0.0,7,ACP-Gini,0.8133333333333334,0.8133001422475107,0.8337926130050224,0.6,0.3095055402140959,0,67,6
0.8,0.2,7,ACP-Gini,0.7933333333333333,0.7925866452562559,0.8246144273078804,0.6,0.2556396112729987,0,69,6
0.8,0.4,7,ACP-Gini,0.7866666666666666,0.7857142857142858,0.8248366594070847,0.6,0.2505979359499388,0,69,6
0.8,0.6,7,ACP-Gini,0.79,0.7894736842105263,0.8273034357082537,0.6,0.2199968686337055,0,69,6
0.8,0.8,7,ACP-Gini,0.7966666666666666,0.7962841335396467,0.8460153784612648,0.6,0.2723158545270249,0,69,6
0.8,1.0,7,ACP-Gini,0.7933333333333333,0.7927438045997504,0.8510378239032846,0.6,0.2604145225774494,0,69,6
0.8,0.0,8,CART,0.7733333333333333,0.7723214285714286,0.8357787559468233,0.6,0.3606186916161879,0,61,6
0.8,0.0,8,RRF-style,0.8233333333333334,0.821890647578721,0.857832021697568,0.8,0.08303449816935263,0,75,6
0.8,0.0,8,ACP-Gini,0.7733333333333333,0.7723214285714286,0.8357787559468233,0.6,0.3606186916161879,0,61,6
0.8,0.2,8,ACP-Gini,0.7733333333333333,0.7723214285714286,0.833244408874661,0.6,0.3530802712556955,0,61,6
0.8,0.4,8,ACP-Gini,0.7766666666666666,0.7761069340016709,0.8342892712640612,0.6,0.3269502357224676,0,65,6
0.8,0.6,8,ACP-Gini,0.77,0.7692590652205415,0.8355342136854741,0.6,0.3291325412278661,0,65,6
0.8,0.8,8,ACP-Gini,0.7733333333333333,0.7725143851197644,0.8420479302832243,0.6,0.305448450837858,0,65,6
0.8,1.0,8,ACP-Gini,0.7733333333333333,0.7725143851197644,0.8420479302832243,0.6,0.305448450837858,0,65,6
0.8,0.0,9,CART,0.83,0.8299073940256362,0.8726387839459531,0.6,0.23991146701916982,0,83,6
0.8,0.0,9,RRF-style,0.8333333333333334,0.8333333333333334,0.8641272945464242,0.6,0.22167231426654624,0,83,6
0.8,0.0,9,ACP-Gini,0.83,0.8299073940256362,0.8726387839459531,0.6,0.23991146701916982,0,83,6
0.8,0.2,9,ACP-Gini,0.8266666666666667,0.8265433196940046,0.869705320236455,0.6,0.24855025192534314,0,83,6
0.8,0.4,9,ACP-Gini,0.82,0.8199279711884754,0.8676830081336948,0.6,0.2384343732450862,0,81,6
0.8,0.6,9,ACP-Gini,0.82,0.8199279711884754,0.8670607582559227,0.6,0.22858267548527825,0,81,6
0.8,0.8,9,ACP-Gini,0.82,0.8199279711884754,0.864616205164674,0.6,0.24307479054405712,0,81,6
0.8,1.0,9,ACP-Gini,0.8133333333333334,0.8132586367880486,0.8805946930974711,0.6,0.21186914774412421,0,81,6
0.9,0.0,0,CART,0.82,0.8197115384615384,0.8726662517780939,0.4,0.4340602166087633,0,67,6
0.9,0.0,0,RRF-style,0.7866666666666666,0.7864293659621802,0.840082681365576,0.2,0.5369409369510177,0,71,6
0.9,0.0,0,ACP-Gini,0.82,0.8197115384615384,0.8726662517780939,0.4,0.4340602166087633,0,67,6
0.9,0.2,0,ACP-Gini,0.8033333333333333,0.8026997804059703,0.8689989331436699,0.4,0.41290275869580223,0,67,6
0.9,0.4,0,ACP-Gini,0.8266666666666667,0.8266358463726885,0.8745777027027026,0.4,0.33488535509953316,0,63,6
0.9,0.6,0,ACP-Gini,0.8266666666666667,0.8266358463726885,0.8702880512091039,0.4,0.3247575216181349,0,63,6
0.9,0.8,0,ACP-Gini,0.8266666666666667,0.8266358463726885,0.8702880512091039,0.4,0.3247575216181349,0,63,6
0.9,1.0,0,ACP-Gini,0.8266666666666667,0.8266358463726885,0.8702880512091039,0.4,0.3247575216181349,0,63,6
0.9,0.0,1,CART,0.75,0.7473017441795169,0.7702654232424676,0.6,0.2543940866211237,0,69,6
0.9,0.0,1,RRF-style,0.8,0.7960016319869441,0.8402304519368724,0.6,0.07592904756613218,0,63,6
0.9,0.0,1,ACP-Gini,0.75,0.7473017441795169,0.7702654232424676,0.6,0.2543940866211237,0,69,6
0.9,0.2,1,ACP-Gini,0.8,0.7967387867564026,0.8247847919655666,0.6,0.2540665255739204,0,67,6
0.9,0.4,1,ACP-Gini,0.7933333333333333,0.7883573801829684,0.8206599713055954,0.6,0.23425507565997603,0,71,6
0.9,0.6,1,ACP-Gini,0.7833333333333333,0.7792094566288115,0.8298511477761836,0.6,0.23089434184513755,0,71,6
0.9,0.8,1,ACP-Gini,0.7833333333333333,0.7792094566288115,0.8298511477761836,0.6,0.23089434184513755,0,71,6
0.9,1.0,1,ACP-Gini,0.7833333333333333,0.7792094566288115,0.8298511477761836,0.6,0.23089434184513755,0,71,6
0.9,0.0,2,CART,0.7966666666666666,0.7962841335396467,0.8164140628472376,0.4,0.3209330895758245,0,65,6
0.9,0.0,2,RRF-style,0.8166666666666667,0.8166646296069957,0.8665274012178319,0.6,0.19877584405214205,0,69,6
0.9,0.0,2,ACP-Gini,0.7966666666666666,0.7962841335396467,0.8164140628472376,0.4,0.3209330895758245,0,65,6
0.9,0.2,2,ACP-Gini,0.7733333333333333,0.7726867534319843,0.8143028579047957,0.4,0.3065694013865864,0,67,6
0.9,0.4,2,ACP-Gini,0.78,0.7795198432141108,0.8243255255789148,0.4,0.3222393049711378,0,67,6
0.9,0.6,2,ACP-Gini,0.7766666666666666,0.7762465073304317,0.8272367660784924,0.4,0.33283460137645077,0,65,6
0.9,0.8,2,ACP-Gini,0.7766666666666666,0.7762465073304317,0.8294590870705365,0.4,0.32927647344896976,0,65,6
0.9,1.0,2,ACP-Gini,0.7766666666666666,0.7762465073304317,0.8294590870705365,0.4,0.32927647344896976,0,65,6
0.9,0.0,3,CART,0.7833333333333333,0.783273131425396,0.8248754669987546,0.8,0.32331663039445596,0,71,6
0.9,0.0,3,RRF-style,0.83,0.82977113675052,0.8631916029176303,0.8,0.32562933851026715,0,69,6
0.9,0.0,3,ACP-Gini,0.7833333333333333,0.783273131425396,0.8248754669987546,0.8,0.32331663039445596,0,71,6
0.9,0.2,3,ACP-Gini,0.79,0.7899976666407404,0.8262542252268279,0.6,0.30152101343449866,0,71,6
0.9,0.4,3,ACP-Gini,0.7833333333333333,0.7833116644997833,0.8277886497064579,0.6,0.28611739451357954,0,71,6
0.9,0.6,3,ACP-Gini,0.7833333333333333,0.7833116644997833,0.8277886497064579,0.6,0.28611739451357954,0,71,6
0.9,0.8,3,ACP-Gini,0.7833333333333333,0.7833116644997833,0.8378180039138943,0.6,0.27599530944870765,0,71,6
0.9,1.0,3,ACP-Gini,0.7833333333333333,0.7833116644997833,0.8378180039138943,0.6,0.27599530944870765,0,71,6
0.9,0.0,4,CART,0.7933333333333333,0.793296586059744,0.8430260993286203,0.8,0.2501202277435769,0,63,6
0.9,0.0,4,RRF-style,0.8133333333333334,0.813200498132005,0.869303276866302,0.4,0.31672629557867865,0,71,6
0.9,0.0,4,ACP-Gini,0.7933333333333333,0.793296586059744,0.8430260993286203,0.8,0.2501202277435769,0,63,6
0.9,0.2,4,ACP-Gini,0.8,0.7999199679871949,0.8523187052598817,0.8,0.22782201020345452,0,71,6
0.9,0.4,4,ACP-Gini,0.8066666666666666,0.8063568376068376,0.8559646080654484,0.6,0.21904961032527362,0,71,6
0.9,0.6,4,ACP-Gini,0.8066666666666666,0.8064516129032258,0.8608776844070961,0.6,0.19483863103016205,0,71,6
0.9,0.8,4,ACP-Gini,0.8066666666666666,0.8064516129032258,0.866546618647459,0.6,0.1940635771523444,0,71,6
0.9,1.0,4,ACP-Gini,0.8066666666666666,0.8064516129032258,0.8667466986794717,0.6,0.18787215870223986,0,71,6
0.9,0.0,5,CART,0.7533333333333333,0.7531578011030066,0.8145892603129444,0.6,0.3256920607062068,0,67,6
0.9,0.0,5,RRF-style,0.7466666666666667,0.7462606837606838,0.8295919274537695,0.6,0.3673989697839163,0,67,6
0.9,0.0,5,ACP-Gini,0.7533333333333333,0.7531578011030066,0.8145892603129444,0.6,0.3256920607062068,0,67,6
0.9,0.2,5,ACP-Gini,0.7433333333333333,0.7432620172270075,0.8077435988620199,0.6,0.2451222613088739,0,71,6
0.9,0.4,5,ACP-Gini,0.73,0.7299969999666662,0.8162562233285917,0.6,0.2359706094088407,0,71,6
0.9,0.6,5,ACP-Gini,0.7466666666666667,0.7465652927837803,0.8073435277382646,0.6,0.22420761176906423,0,75,6
0.9,0.8,5,ACP-Gini,0.7466666666666667,0.7465652927837803,0.8103885135135135,0.6,0.22361792591521362,0,75,6
0.9,1.0,5,ACP-Gini,0.7466666666666667,0.7465652927837803,0.8103885135135135,0.6,0.22361792591521362,0,75,6
0.9,0.0,6,CART,0.8033333333333333,0.8028404344193818,0.8442396723646725,0.4,0.3353799352162198,0,67,6
0.9,0.0,6,RRF-style,0.8,0.7991071428571428,0.8748887108262109,0.6,0.2875066803731168,0,69,6
0.9,0.0,6,ACP-Gini,0.8033333333333333,0.8028404344193818,0.8442396723646725,0.4,0.3353799352162198,0,67,6
0.9,0.2,6,ACP-Gini,0.7833333333333333,0.7829257160668366,0.8380297364672364,0.6,0.25039991922667676,0,73,6
0.9,0.4,6,ACP-Gini,0.77,0.7696903614859978,0.8326655982905983,0.6,0.23808024582322404,0,73,6
0.9,0.6,6,ACP-Gini,0.77,0.7688674505074866,0.8295717592592593,0.6,0.2274848339076434,0,73,6
0.9,0.8,6,ACP-Gini,0.77,0.7688674505074866,0.829594017094017,0.6,0.22555038962914442,0,73,6
0.9,1.0,6,ACP-Gini,0.7733333333333333,0.7723214285714286,0.8246972934472934,0.6,0.24019776743305585,0,73,6
0.9,0.0,7,CART,0.76,0.7597330367074526,0.8087692786346059,0.4,0.4141162423098249,0,63,6
0.9,0.0,7,RRF-style,0.7833333333333333,0.783273131425396,0.8293701942308547,0.4,0.485547464612176,0,71,6
0.9,0.0,7,ACP-Gini,0.76,0.7597330367074526,0.8087692786346059,0.4,0.4141162423098249,0,63,6
0.9,0.2,7,ACP-Gini,0.77,0.7692590652205415,0.8351704520200898,0.6,0.3928026733694412,0,63,6
0.9,0.4,7,ACP-Gini,0.76,0.7591328783621036,0.8331925863371705,0.6,0.30614525469758536,0,63,6
0.9,0.6,7,ACP-Gini,0.7766666666666666,0.7762465073304317,0.8353704609093737,0.6,0.2985989766761543,0,65,6
0.9,0.8,7,ACP-Gini,0.7833333333333333,0.7830416448781139,0.8415707364771767,0.6,0.290478126008169,0,65,6
0.9,1.0,7,ACP-Gini,0.7833333333333333,0.7830416448781139,0.8415707364771767,0.6,0.290478126008169,0,65,6
0.9,0.0,8,CART,0.8166666666666667,0.8160760664801417,0.8480947934729447,0.6,0.3406242303532085,0,67,6
0.9,0.0,8,RRF-style,0.8033333333333333,0.8032262009316183,0.8375127828909341,0.8,0.24570953214881838,0,79,6
0.9,0.0,8,ACP-Gini,0.8166666666666667,0.8160760664801417,0.8480947934729447,0.6,0.3406242303532085,0,67,6
0.9,0.2,8,ACP-Gini,0.8,0.7992773986350863,0.8366235383042107,0.6,0.37848465955591937,0,67,6
0.9,0.4,8,ACP-Gini,0.7966666666666666,0.7958477894666385,0.8323107020586012,0.6,0.37714859282876967,0,67,6
0.9,0.6,8,ACP-Gini,0.7866666666666666,0.7865148550080057,0.8581877195322574,0.6,0.32877392962801205,0,67,6
0.9,0.8,8,ACP-Gini,0.7866666666666666,0.7865148550080057,0.8565648481614869,0.6,0.32457673384224406,0,67,6
0.9,1.0,8,ACP-Gini,0.7866666666666666,0.7865148550080057,0.8565648481614869,0.6,0.32457673384224406,0,67,6
0.9,0.0,9,CART,0.8166666666666667,0.8166483314998166,0.8936841637406108,0.4,0.3493958164726168,0,81,6
0.9,0.0,9,RRF-style,0.83,0.8299073940256362,0.8765278456820303,0.4,0.3567792068797016,0,81,6
0.9,0.0,9,ACP-Gini,0.8166666666666667,0.8166483314998166,0.8936841637406108,0.4,0.3493958164726168,0,81,6
0.9,0.2,9,ACP-Gini,0.82,0.8199919996444287,0.8858171474287746,0.4,0.3382798112361119,0,79,6
0.9,0.4,9,ACP-Gini,0.8133333333333334,0.8133333333333334,0.8879727987910574,0.4,0.33045267126613614,0,79,6
0.9,0.6,9,ACP-Gini,0.8066666666666666,0.806658073692164,0.8813280590248456,0.4,0.2929549839647122,0,81,6
0.9,0.8,9,ACP-Gini,0.8066666666666666,0.806658073692164,0.8815947375438908,0.4,0.29021903164414214,0,81,6
0.9,1.0,9,ACP-Gini,0.8066666666666666,0.806658073692164,0.8815947375438908,0.4,0.29021903164414214,0,81,6
0.95,0.0,0,CART,0.77,0.7695672985940265,0.8441722972972973,0.4,0.4594889738158176,0,59,6
0.95,0.0,0,RRF-style,0.77,0.7681217864704104,0.8332814722617354,0.4,0.44581557269927347,0,69,6
0.95,0.0,0,ACP-Gini,0.77,0.7695672985940265,0.8441722972972973,0.4,0.4594889738158176,0,59,6
0.95,0.2,0,ACP-Gini,0.8066666666666666,0.8065893023876217,0.8722884068278806,0.4,0.32312542810388356,0,63,6
0.95,0.4,0,ACP-Gini,0.82,0.82,0.8813789118065434,0.6,0.3091584238948677,0,61,6
0.95,0.6,0,ACP-Gini,0.82,0.82,0.8813789118065434,0.6,0.3091584238948677,0,61,6
0.95,0.8,0,ACP-Gini,0.82,0.82,0.8795119132290186,0.6,0.3090895191336767,0,61,6
0.95,1.0,0,ACP-Gini,0.82,0.82,0.8795119132290186,0.6,0.3090895191336767,0,61,6
0.95,0.0,1,CART,0.78,0.7747030176141277,0.8472471305595408,0.6,0.4500104374489666,0,77,6
0.95,0.0,1,RRF-style,0.7733333333333333,0.771043771043771,0.8173645982783356,0.4,0.43813049614253174,0,71,6
0.95,0.0,1,ACP-Gini,0.78,0.7747030176141277,0.8472471305595408,0.6,0.4500104374489666,0,77,6
0.95,0.2,1,ACP-Gini,0.7566666666666667,0.7515626595274019,0.8001479555236728,0.4,0.4020442798258579,0,73,6
0.95,0.4,1,ACP-Gini,0.7766666666666666,0.7732170459545757,0.8136881276901005,0.4,0.3284837700464177,0,77,6
0.95,0.6,1,ACP-Gini,0.79,0.7851662404092072,0.8423376972740315,0.4,0.3305986369193462,0,79,6
0.95,0.8,1,ACP-Gini,0.79,0.7851662404092072,0.8435706599713056,0.4,0.33158921993127505,0,79,6
0.95,1.0,1,ACP-Gini,0.79,0.7851662404092072,0.8435706599713056,0.4,0.33158921993127505,0,79,6
0.95,0.0,2,CART,0.7666666666666667,0.7664071190211346,0.8542157429219077,0.4,0.6756089105353661,7,77,6
0.95,0.0,2,RRF-style,0.7433333333333333,0.7426900584795322,0.836992755233566,0.4,0.6610957468487233,7,81,6
0.95,0.0,2,ACP-Gini,0.7666666666666667,0.7664071190211346,0.8542157429219077,0.4,0.6756089105353661,7,77,6
0.95,0.2,2,ACP-Gini,0.7766666666666666,0.7765450078376005,0.8356593626383395,0.2,0.80537154767441,7,67,6
0.95,0.4,2,ACP-Gini,0.7666666666666667,0.7665006226650062,0.8290812925018889,0.2,0.8161834644604045,7,65,6
0.95,0.6,2,ACP-Gini,0.7566666666666667,0.7566423308997566,0.8217920796479844,0.2,0.8679643399320236,7,71,6
0.95,0.8,2,ACP-Gini,0.77,0.7696903614859978,0.823036579403529,0.2,0.8961756161105722,7,71,6
0.95,1.0,2,ACP-Gini,0.7766666666666666,0.7766046123923311,0.8233477043424152,0.0,0.8947379325688671,7,71,6
0.95,0.0,3,CART,0.82,0.8197997775305895,0.8558975271304039,0.6,0.3548686692847913,0,69,6
0.95,0.0,3,RRF-style,0.84,0.8391349032575182,0.886252446183953,0.6,0.2418667599102629,0,79,6
0.95,0.0,3,ACP-Gini,0.82,0.8197997775305895,0.8558975271304039,0.6,0.3548686692847913,0,69,6
0.95,0.2,3,ACP-Gini,0.81,0.8097442116623461,0.849025974025974,0.6,0.29213746319327133,0,69,6
0.95,0.4,3,ACP-Gini,0.7966666666666666,0.7956654272602419,0.8514721579790073,0.6,0.2665535332836066,0,69,6
0.95,0.6,3,ACP-Gini,0.7966666666666666,0.7956654272602419,0.8477806440135207,0.6,0.2604820456903898,0,69,6
0.95,0.8,3,ACP-Gini,0.7966666666666666,0.7956654272602419,0.8477806440135207,0.6,0.2604820456903898,0,69,6
0.95,1.0,3,ACP-Gini,0.7966666666666666,0.7956654272602419,0.8477806440135207,0.6,0.2604820456903898,0,69,6
0.95,0.0,4,CART,0.79,0.7894736842105263,0.8519407763105242,0.6,0.3933359102994776,0,67,6
0.95,0.0,4,RRF-style,0.7933333333333333,0.793296586059744,0.8619447779111644,0.4,0.4709213401467365,0,67,6
0.95,0.0,4,ACP-Gini,0.79,0.7894736842105263,0.8519407763105242,0.6,0.3933359102994776,0,67,6
0.95,0.2,4,ACP-Gini,0.7866666666666666,0.7850521696296628,0.8489840380596683,0.6,0.30957059146084104,0,73,6
0.95,0.4,4,ACP-Gini,0.7866666666666666,0.7855132043433576,0.8557200658040994,0.6,0.2597045291721673,0,71,6
0.95,0.6,4,ACP-Gini,0.78,0.7788104919790875,0.8571206260281891,0.4,0.35049469142999146,0,71,6
0.95,0.8,4,ACP-Gini,0.78,0.7788104919790875,0.8571206260281891,0.4,0.35049469142999146,0,71,6
0.95,1.0,4,ACP-Gini,0.78,0.7788104919790875,0.8571206260281891,0.4,0.35049469142999146,0,71,6
0.95,0.0,5,CART,0.7766666666666666,0.7766443310997766,0.8169674608819347,0.6,0.3068814023568242,0,67,6
0.95,0.0,5,RRF-style,0.76,0.7597330367074526,0.8331703413940257,0.6,0.2723004410698116,0,69,6
0.95,0.0,5,ACP-Gini,0.7766666666666666,0.7766443310997766,0.8169674608819347,0.6,0.3068814023568242,0,67,6
0.95,0.2,5,ACP-Gini,0.7666666666666667,0.7665732959850606,0.8225906827880511,0.6,0.26737837439719025,0,69,6
0.95,0.4,5,ACP-Gini,0.7666666666666667,0.7665006226650062,0.8225240042674252,0.6,0.2614633150407592,0,69,6
0.95,0.6,5,ACP-Gini,0.75,0.7499305362600722,0.781783428165007,0.4,0.43198238876456063,0,63,6
0.95,0.8,5,ACP-Gini,0.7333333333333333,0.7333214809547091,0.7751822546230441,0.4,0.43579715544928355,0,63,6
0.95,1.0,5,ACP-Gini,0.7333333333333333,0.7333214809547091,0.7751822546230441,0.4,0.43579715544928355,0,63,6
0.95,0.0,6,CART,0.8333333333333334,0.8328579069352826,0.891181445868946,0.8,0.20918024762335224,0,71,6
0.95,0.0,6,RRF-style,0.8533333333333334,0.853307254623044,0.902221331908832,0.8,0.15733733757644053,0,73,6
0.95,0.0,6,ACP-Gini,0.8333333333333334,0.8328579069352826,0.891181445868946,0.8,0.20918024762335224,0,71,6
0.95,0.2,6,ACP-Gini,0.8366666666666667,0.8360088800633653,0.8941194800569799,0.8,0.18759336131185553,0,71,6
0.95,0.4,6,ACP-Gini,0.8333333333333334,0.8328579069352826,0.8936298076923077,0.8,0.1243150604084863,0,69,6
0.95,0.6,6,ACP-Gini,0.8166666666666667,0.8165015180328963,0.8919382122507123,0.8,0.1110520139301353,0,69,6
0.95,0.8,6,ACP-Gini,0.8266666666666667,0.8266589626205609,0.8907362891737893,0.8,0.11640095055406163,0,73,6
0.95,1.0,6,ACP-Gini,0.8433333333333334,0.8431922063190205,0.8922498219373219,0.8,0.14231782302267235,0,69,6
0.95,0.0,7,CART,0.8033333333333333,0.8028404344193818,0.8551268945286457,0.6,0.38756659152392886,0,71,6
0.95,0.0,7,RRF-style,0.7966666666666666,0.7966101694915255,0.8315702920129784,0.2,0.5320094826917455,0,71,6
0.95,0.0,7,ACP-Gini,0.8033333333333333,0.8028404344193818,0.8551268945286457,0.6,0.38756659152392886,0,71,6
0.95,0.2,7,ACP-Gini,0.8,0.7996794871794872,0.8463931730299125,0.4,0.34060268734384763,0,71,6
0.95,0.4,7,ACP-Gini,0.81,0.8099472075576549,0.8575714476198942,0.6,0.2825414313034988,0,71,6
0.95,0.6,7,ACP-Gini,0.81,0.8099472075576549,0.8491488510600471,0.6,0.2795595856507312,0,71,6
0.95,0.8,7,ACP-Gini,0.81,0.8099472075576549,0.8491488510600471,0.6,0.2795595856507312,0,71,6
0.95,1.0,7,ACP-Gini,0.81,0.8099472075576549,0.8491488510600471,0.6,0.2795595856507312,0,71,6
0.95,0.0,8,CART,0.8033333333333333,0.8032786885245902,0.8655239873727268,0.4,0.7167573457808497,5,67,6
0.95,0.0,8,RRF-style,0.8,0.7998576765700054,0.8524298608332221,0.6,0.5211812331549035,5,67,6
0.95,0.0,8,ACP-Gini,0.8033333333333333,0.8032786885245902,0.8655239873727268,0.4,0.7167573457808497,5,67,6
0.95,0.2,8,ACP-Gini,0.7733333333333333,0.7732426303854876,0.8602552131963895,0.4,0.7024062405679958,5,67,6
0.95,0.4,8,ACP-Gini,0.7733333333333333,0.7732426303854876,0.8584544929082744,0.2,0.7445105526941905,5,67,6
0.95,0.6,8,ACP-Gini,0.7733333333333333,0.7732426303854876,0.8451380552220888,0.2,0.7440725187201941,5,67,6
0.95,0.8,8,ACP-Gini,0.7733333333333333,0.7732426303854876,0.8465830776755146,0.2,0.7433581937607574,5,67,6
0.95,1.0,8,ACP-Gini,0.7733333333333333,0.7732426303854876,0.8465830776755146,0.2,0.7433581937607574,5,67,6
0.95,0.0,9,CART,0.7966666666666666,0.7966463312997967,0.8433708164807325,0.2,0.5031320180280136,0,81,6
0.95,0.0,9,RRF-style,0.81,0.8098964992051227,0.8671274278856838,0.4,0.41349680567410535,0,79,6
0.95,0.0,9,ACP-Gini,0.7966666666666666,0.7966463312997967,0.8433708164807325,0.2,0.5031320180280136,0,81,6
0.95,0.2,9,ACP-Gini,0.79,0.7898856043846094,0.8423263256144718,0.2,0.4771023836474324,0,81,6
0.95,0.4,9,ACP-Gini,0.7866666666666666,0.7865812991863412,0.8187697230988044,0.2,0.4841925571436192,0,85,6
0.95,0.6,9,ACP-Gini,0.7733333333333333,0.7730812013348165,0.8200808924841105,0.2,0.5035450307162991,0,89,6
0.95,0.8,9,ACP-Gini,0.7733333333333333,0.7730812013348165,0.8310369349748878,0.2,0.4930632672942587,0,91,6
0.95,1.0,9,ACP-Gini,0.7733333333333333,0.7730812013348165,0.8310369349748878,0.2,0.4930632672942587,0,91,6
0.99,0.0,0,CART,0.7966666666666666,0.7958477894666385,0.8777115931721194,0.6,0.6627940241425648,7,59,6
0.99,0.0,0,RRF-style,0.78,0.7799608819345661,0.8667540896159318,0.0,0.9611132865276644,7,57,6
0.99,0.0,0,ACP-Gini,0.7966666666666666,0.7958477894666385,0.8777115931721194,0.6,0.6627940241425648,7,59,6
0.99,0.2,0,ACP-Gini,0.7933333333333333,0.7932506335867681,0.8743776671408251,0.2,0.7650080983263609,7,57,6
0.99,0.4,0,ACP-Gini,0.7933333333333333,0.7932506335867681,0.8778227240398293,0.2,0.7643881034027646,7,57,6
0.99,0.6,0,ACP-Gini,0.7966666666666666,0.7966644073823043,0.8863798008534849,0.2,0.7749775454414409,7,57,6
0.99,0.8,0,ACP-Gini,0.7966666666666666,0.7966644073823043,0.8863798008534849,0.2,0.7749775454414409,7,57,6
0.99,1.0,0,ACP-Gini,0.7966666666666666,0.7966644073823043,0.8863798008534849,0.2,0.7749775454414409,7,57,6
0.99,0.0,1,CART,0.8,0.7947454844006567,0.8546897417503587,0.4,0.44958207111231374,0,69,6
0.99,0.0,1,RRF-style,0.7866666666666666,0.7819767441860466,0.8734980272596843,0.2,0.5163803215862466,0,75,6
0.99,0.0,1,ACP-Gini,0.8,0.7947454844006567,0.8546897417503587,0.4,0.44958207111231374,0,69,6
0.99,0.2,1,ACP-Gini,0.7766666666666666,0.7705453258598842,0.8288647776183644,0.2,0.49875039348042177,0,71,6
0.99,0.4,1,ACP-Gini,0.7733333333333333,0.7678758363297074,0.8496458034433285,0.4,0.4195321011266223,0,75,6
0.99,0.6,1,ACP-Gini,0.7733333333333333,0.7678758363297074,0.8496458034433285,0.4,0.4195321011266223,0,75,6
0.99,0.8,1,ACP-Gini,0.8033333333333333,0.7995901221707673,0.8628721305595408,0.4,0.42654428620964085,0,77,6
0.99,1.0,1,ACP-Gini,0.8033333333333333,0.7995901221707673,0.8628721305595408,0.4,0.42654428620964085,0,77,6
0.99,0.0,2,CART,0.81,0.8095238095238095,0.8479487977243433,0.2,0.8240945534822366,6,67,6
0.99,0.0,2,RRF-style,0.8266666666666667,0.8265433196940046,0.8761944975332236,0.4,0.7531316170441215,6,65,6
0.99,0.0,2,ACP-Gini,0.81,0.8095238095238095,0.8479487977243433,0.2,0.8240945534822366,6,67,6
0.99,0.2,2,ACP-Gini,0.8133333333333334,0.8129259275756091,0.8511933863727277,0.0,0.8302655799533514,6,65,6
0.99,0.4,2,ACP-Gini,0.81,0.8099472075576549,0.8745055335792702,0.0,0.8634475482502127,6,65,6
0.99,0.6,2,ACP-Gini,0.81,0.8099472075576549,0.8745055335792702,0.0,0.8634475482502127,6,65,6
0.99,0.8,2,ACP-Gini,0.81,0.8099472075576549,0.8745055335792702,0.0,0.8634475482502127,6,65,6
0.99,1.0,2,ACP-Gini,0.81,0.8099472075576549,0.8745055335792702,0.0,0.8634475482502127,6,65,6
0.99,0.0,3,CART,0.7833333333333333,0.7833309258991767,0.8615904643301904,0.4,0.7531680193079429,6,75,6
0.99,0.0,3,RRF-style,0.7733333333333333,0.7713414634146342,0.8322362568937911,0.2,0.8464512879197376,6,79,6
0.99,0.0,3,ACP-Gini,0.7833333333333333,0.7833309258991767,0.8615904643301904,0.4,0.7531680193079429,6,75,6
0.99,0.2,3,ACP-Gini,0.8033333333333333,0.8033311481238681,0.8584104251912471,0.4,0.7910601739351237,6,81,6
0.99,0.4,3,ACP-Gini,0.79,0.7898856043846094,0.8477806440135206,0.4,0.7811141486200947,6,87,6
0.99,0.6,3,ACP-Gini,0.79,0.7898856043846094,0.8487813556306707,0.4,0.781024731999253,6,87,6
0.99,0.8,3,ACP-Gini,0.79,0.7898856043846094,0.8487813556306707,0.4,0.781024731999253,6,87,6
0.99,1.0,3,ACP-Gini,0.7733333333333333,0.7730812013348165,0.8285002668564312,0.4,0.7705054022819048,6,83,6
0.99,0.0,4,CART,0.8266666666666667,0.8261722232126939,0.8607442977190876,0.0,0.8354614741692516,6,77,6
0.99,0.0,4,RRF-style,0.8066666666666666,0.8065893023876217,0.8479391756702681,0.0,0.9333535687219863,6,71,6
0.99,0.0,4,ACP-Gini,0.8266666666666667,0.8261722232126939,0.8607442977190876,0.0,0.8354614741692516,6,77,6
0.99,0.2,4,ACP-Gini,0.8233333333333334,0.8230954950544621,0.8516740029345072,0.0,0.9627952897040521,6,77,6
0.99,0.4,4,ACP-Gini,0.7933333333333333,0.7931034482758621,0.8288204170557112,0.0,0.9799679766630045,6,79,6
0.99,0.6,4,ACP-Gini,0.7933333333333333,0.7930021367521367,0.8336890311680227,0.0,0.9795378546243839,6,79,6
0.99,0.8,4,ACP-Gini,0.7933333333333333,0.7930021367521367,0.8336890311680227,0.0,0.9795378546243839,6,79,6
0.99,1.0,4,ACP-Gini,0.7933333333333333,0.7930021367521367,0.8336890311680227,0.0,0.9795378546243839,6,79,6
0.99,0.0,5,CART,0.7966666666666666,0.7965559026581139,0.8332370199146515,0.6,0.6446113199871336,5,69,6
0.99,0.0,5,RRF-style,0.7766666666666666,0.7766641851576128,0.8389935988620199,0.6,0.42753321601414906,5,69,6
0.99,0.0,5,ACP-Gini,0.7966666666666666,0.7965559026581139,0.8332370199146515,0.6,0.6446113199871336,5,69,6
0.99,0.2,5,ACP-Gini,0.7766666666666666,0.7765450078376005,0.8070323613086771,0.4,0.6450746597303338,5,73,6
0.99,0.4,5,ACP-Gini,0.8033333333333333,0.8031561738898343,0.8284806187766713,0.4,0.675597947236653,5,75,6
0.99,0.6,5,ACP-Gini,0.81,0.8099472075576549,0.8475062233285917,0.4,0.6693475763030448,5,71,6
0.99,0.8,5,ACP-Gini,0.8,0.7999199679871949,0.8379045163584637,0.4,0.6494913038351191,5,69,6
0.99,1.0,5,ACP-Gini,0.8,0.7999199679871949,0.8379045163584637,0.4,0.6494913038351191,5,69,6
0.99,0.0,6,CART,0.7866666666666666,0.7860581208771618,0.8508279914529915,0.6,0.3851824634695432,0,77,6
0.99,0.0,6,RRF-style,0.8466666666666667,0.8466598515489577,0.8951655982905982,0.6,0.306310987453842,0,73,6
0.99,0.0,6,ACP-Gini,0.7866666666666666,0.7860581208771618,0.8508279914529915,0.6,0.3851824634695432,0,77,6
0.99,0.2,6,ACP-Gini,0.8033333333333333,0.8030685699662881,0.8631143162393162,0.6,0.28169110122789326,0,83,6
0.99,0.4,6,ACP-Gini,0.81,0.8098288459613652,0.8652733262108263,0.6,0.24597190901638977,0,83,6
0.99,0.6,6,ACP-Gini,0.81,0.8098288459613652,0.8652733262108263,0.6,0.24597190901638977,0,83,6
0.99,0.8,6,ACP-Gini,0.81,0.8098288459613652,0.8649394586894588,0.6,0.24402893396717332,0,83,6
0.99,1.0,6,ACP-Gini,0.8066666666666666,0.8065290873510051,0.8634036680911681,0.6,0.23940151356022765,0,83,6
0.99,0.0,7,CART,0.8066666666666666,0.806658073692164,0.8492377438997288,0.2,0.7123031900353705,5,71,6
0.99,0.0,7,RRF-style,0.8033333333333333,0.8033311481238681,0.8584603760167118,0.4,0.8686720352263001,5,71,6
0.99,0.0,7,ACP-Gini,0.8066666666666666,0.806658073692164,0.8492377438997288,0.2,0.7123031900353705,5,71,6
0.99,0.2,7,ACP-Gini,0.7733333333333333,0.7726867534319843,0.8380372460998267,0.2,0.7136448539331159,5,71,6
0.99,0.4,7,ACP-Gini,0.7733333333333333,0.7732930298719772,0.827725676696742,0.2,0.7261265877395101,5,77,6
0.99,0.6,7,ACP-Gini,0.7733333333333333,0.7732930298719772,0.827725676696742,0.2,0.7261265877395101,5,77,6
0.99,0.8,7,ACP-Gini,0.7733333333333333,0.7732930298719772,0.827725676696742,0.2,0.7261265877395102,5,77,6
0.99,1.0,7,ACP-Gini,0.7733333333333333,0.7732930298719772,0.827725676696742,0.2,0.7261265877395102,5,77,6
0.99,0.0,8,CART,0.7966666666666666,0.7964835018183032,0.8510737628384687,0.0,0.8623896858057081,5,69,6
0.99,0.0,8,RRF-style,0.82,0.8193496587715776,0.8696812058156596,0.2,0.8958654973294176,5,79,6
0.99,0.0,8,ACP-Gini,0.7966666666666666,0.7964835018183032,0.8510737628384687,0.0,0.8623896858057081,5,69,6
0.99,0.2,8,ACP-Gini,0.7833333333333333,0.7833116644997833,0.8458272197767995,0.0,0.947292793769156,5,69,6
0.99,0.4,8,ACP-Gini,0.78,0.7798434442270059,0.8356231381441466,0.0,0.9481051000725571,5,69,6
0.99,0.6,8,ACP-Gini,0.7866666666666666,0.7865148550080057,0.8432484104753012,0.0,0.9465886174185779,5,71,6
0.99,0.8,8,ACP-Gini,0.7866666666666666,0.7865148550080057,0.8405362144857942,0.0,0.9476223709748436,5,71,6
0.99,1.0,8,ACP-Gini,0.7966666666666666,0.79639292827023,0.8452714419100973,0.0,0.9374086760877417,5,73,6
0.99,0.0,9,CART,0.82,0.8199679943100995,0.8729721320947598,0.4,0.4133762835152486,0,79,6
0.99,0.0,9,RRF-style,0.8266666666666667,0.8266589626205609,0.8841948531045823,0.4,0.3942930867952756,0,79,6
0.99,0.0,9,ACP-Gini,0.82,0.8199679943100995,0.8729721320947598,0.4,0.4133762835152486,0,79,6
0.99,0.2,9,ACP-Gini,0.7833333333333333,0.783138157675241,0.8626827859015956,0.4,0.3846814464517126,0,81,6
0.99,0.4,9,ACP-Gini,0.7733333333333333,0.7730812013348165,0.8638828392372995,0.4,0.3571025947063928,0,81,6
0.99,0.6,9,ACP-Gini,0.7733333333333333,0.7730812013348165,0.8638828392372995,0.4,0.3563008965039249,0,83,6
0.99,0.8,9,ACP-Gini,0.7733333333333333,0.7730812013348165,0.8638828392372995,0.4,0.3563008965039249,0,83,6
0.99,1.0,9,ACP-Gini,0.7766666666666666,0.7764654856037101,0.8666162940575137,0.4,0.3678855138564018,0,83,6
