dataset,method,seed,fold,selected_alpha,selected_rrf_lambda,fold_tuned_alpha,fold_tuned_rrf_lambda,accuracy,macro_f1,auc,n_nodes,depth,vif_dropped,main_set_redundancy,main_weighted_redundancy,root_agreement,feature_set_jaccard,importance_rank_corr,top5_jaccard,structural_distance,bootstrap_set_redundancy,bootstrap_weighted_redundancy
WDBC,CART,42,0,0.2,0.7,0.2,0.7,0.9210526315789472,0.9147486497714998,0.9480838519489028,27,6,0,0.4598299606910768,0.5747660247667089,0.44,0.3345758866983356,0.3324083959724115,0.2663362487852284,0.8852099937794157,0.46106934888843,0.5609586872027538
WDBC,VIF+CART,42,0,0.2,0.7,0.2,0.7,0.8947368421052632,0.888961038961039,0.973960039305601,27,6,13,0.3629138028783636,0.528431992167927,0.38,0.3094064257737726,0.3233560996914216,0.2847457078069322,0.8741046022714668,0.2806869856493723,0.325491422483071
WDBC,RRF-style,42,0,0.2,0.7,0.2,0.7,0.9649122807017544,0.9629870129870132,0.9641336390435638,27,6,0,0.4879498445746878,0.6280330370111777,0.44,0.2586196162114529,0.2834168357128318,0.2596307094266278,0.8791675720263302,0.4542037149241972,0.551462236125898
WDBC,ACP-Gini,42,0,0.2,0.7,0.2,0.7,0.912280701754386,0.9074675324675324,0.9664264657713724,29,6,0,0.3064445952390178,0.4279522275104779,0.44,0.284509338600575,0.2491640785318583,0.2166504697116942,0.9014924845915177,0.3109327447908686,0.4727503296593079
WDBC,CART,42,1,0.2,0.7,0.2,0.9,0.9035087719298246,0.8946837994457042,0.9297412381264332,21,6,0,0.3566293441779228,0.7696611101148404,0.52,0.2872561463479831,0.3069185657454809,0.2610851959831551,0.891209806119549,0.4447657783601502,0.6701225539608512
WDBC,VIF+CART,42,1,0.2,0.7,0.2,0.9,0.8947368421052632,0.881578947368421,0.9073042908614476,25,5,13,0.3659620980715335,0.4582894689047906,0.56,0.3157878458076537,0.3044314341490231,0.2517233560090702,0.8895611140983665,0.2694814983903011,0.2991624020948547
WDBC,RRF-style,42,1,0.2,0.7,0.2,0.9,0.868421052631579,0.8509803921568628,0.936292171634458,19,5,0,0.4197731726073624,0.705875314872635,0.52,0.2325891251605537,0.2650466093515319,0.2283673469387755,0.8943991778739994,0.424309646990642,0.6434571957775945
WDBC,ACP-Gini,42,1,0.2,0.7,0.2,0.9,0.8859649122807017,0.8708496732026143,0.9154929577464788,19,5,0,0.2720953489724603,0.6289605343319085,0.52,0.2822497638416006,0.2940003413850903,0.2617751862649822,0.890014374637108,0.3325472478339529,0.619989351879754
WDBC,CART,42,2,0.2,0.7,0.2,0.5,0.9298245614035088,0.922051282051282,0.9327050264550264,27,6,0,0.4551986424538037,0.5888463550855364,0.7,0.3075469847612704,0.3184725348470659,0.2635050210560414,0.8772578550720209,0.4800345267679755,0.6163829560664413
WDBC,VIF+CART,42,2,0.2,0.7,0.2,0.5,0.9473684210526316,0.9422297297297296,0.9837962962962964,25,5,13,0.3296185803259879,0.5006403240090488,0.52,0.2838706350339003,0.2719068036197707,0.2431616456106252,0.8837864620667676,0.2846699438194529,0.365556830719559
WDBC,RRF-style,42,2,0.2,0.7,0.2,0.5,0.956140350877193,0.9526381387619444,0.9651124338624338,23,6,0,0.4684671535121859,0.4441405484596408,0.7,0.2308799952881585,0.2599744462685914,0.2387528344671202,0.886698212260853,0.4532713352314551,0.573870866615301
WDBC,ACP-Gini,42,2,0.2,0.7,0.2,0.5,0.9649122807017544,0.9619111259605746,0.976686507936508,23,6,0,0.3433256876714797,0.380162308765716,0.7,0.2584234668892531,0.2426098278616799,0.2271493359248461,0.8931903855571007,0.3300209576129058,0.5102634722049134
WDBC,CART,42,3,0.2,0.7,0.2,0.7,0.9298245614035088,0.9265700483091788,0.960648148148148,25,6,0,0.4993258140525733,0.7166163625754075,0.34,0.3003548036597256,0.2664469893191485,0.2291253644314869,0.9084559412889992,0.4561644672263032,0.6507781244590408
WDBC,VIF+CART,42,3,0.2,0.7,0.2,0.7,0.9298245614035088,0.925974025974026,0.9614748677248678,27,6,14,0.2751033545343943,0.4862802942703572,0.3,0.2863236559359008,0.2426423352320433,0.2374279235503725,0.8995158737840571,0.2778907448829474,0.3902452139662826
WDBC,RRF-style,42,3,0.2,0.7,0.2,0.7,0.9298245614035088,0.9265700483091788,0.968584656084656,27,6,0,0.5137300747034257,0.6602946506479139,0.34,0.239547513710779,0.246144287850487,0.2254778101716877,0.9142545826376814,0.4403805692824346,0.6152610278941263
WDBC,ACP-Gini,42,3,0.2,0.7,0.2,0.7,0.9298245614035088,0.9265700483091788,0.9756944444444444,25,6,0,0.392700919961199,0.7029059737063265,0.34,0.2702819576048867,0.2342767517202185,0.2171525753158406,0.913559490454924,0.3358847912351528,0.5671256138641868
WDBC,CART,42,4,0.2,0.7,0.2,0.7,0.9469026548672568,0.9425813008130082,0.9694835680751176,25,6,0,0.5205283335367202,0.6293884879799336,0.36,0.3252004168966954,0.3127286900997365,0.2485001619695497,0.8960126749605819,0.493007756026674,0.6285206345907725
WDBC,VIF+CART,42,4,0.2,0.7,0.2,0.7,0.9469026548672568,0.943687707641196,0.9735077129443326,29,5,13,0.3379514192166405,0.5186372269101001,0.6,0.3380207581534112,0.3479721312126838,0.2813573048266926,0.8890390902797994,0.2979076674064511,0.3373449459337754
WDBC,RRF-style,42,4,0.2,0.7,0.2,0.7,0.9557522123893806,0.9518944231587908,0.9646210596914824,25,6,0,0.5045072220552187,0.6255943324484561,0.36,0.247517199353934,0.2683436032249145,0.2474927113702624,0.907979134327076,0.4878405669763696,0.6328915351191248
WDBC,ACP-Gini,42,4,0.2,0.7,0.2,0.7,0.9469026548672568,0.9425813008130082,0.9557344064386318,25,6,0,0.5205283335367202,0.6321856126318535,0.36,0.2608226327494035,0.2184263749372514,0.2196177518626498,0.9124980760905708,0.3470293496581385,0.5672895477068475
WDBC,CART,43,0,0.2,0.7,1.0,0.9,0.9298245614035088,0.9246031746031746,0.9402227317392728,21,5,0,0.3628791637572742,0.5952394387808934,0.4,0.2694770663510159,0.2628928172644146,0.2417557499190152,0.9107579132499524,0.468968429887531,0.6241803186850506
WDBC,VIF+CART,43,0,0.2,0.7,1.0,0.9,0.9736842105263158,0.9715828832571666,0.9864068129708484,25,5,13,0.3860426431241127,0.5080807834679749,0.52,0.3104758812615955,0.3337885357035587,0.2803984450923226,0.8878553701538907,0.2832505951286275,0.3590735832768164
WDBC,RRF-style,43,0,0.2,0.7,1.0,0.9,0.9473684210526316,0.9439895185063872,0.9415329184408778,23,5,0,0.3861573796340641,0.552021051029214,0.4,0.2260985930169604,0.240161847149374,0.2292128279883382,0.915850417184593,0.4765900232886448,0.6071681206345436
WDBC,ACP-Gini,43,0,0.2,0.7,1.0,0.9,0.9298245614035088,0.9246031746031746,0.9400589584015724,19,5,0,0.3493601209617203,0.5791278079383553,0.4,0.2452493088477482,0.2242656202660952,0.2104178814382896,0.91383614534199,0.3401788214432726,0.5410367596621525
WDBC,CART,43,1,0.2,0.7,0.2,0.7,0.9210526315789472,0.9155902920608804,0.9585653455617426,27,6,0,0.4504836048290781,0.6518248208021722,0.42,0.3058560792948548,0.2994296327725746,0.2583122772918691,0.9041174040455716,0.4607445363626087,0.6378635806581555
WDBC,VIF+CART,43,1,0.2,0.7,0.2,0.7,0.9385964912280702,0.9354943011882628,0.9611857189649524,27,5,13,0.3623733638098013,0.4708317866340789,0.52,0.3220576351086555,0.3216201974468554,0.2882896015549076,0.884646146621734,0.2854335329221092,0.3677187951507636
WDBC,RRF-style,43,1,0.2,0.7,0.2,0.7,0.9210526315789472,0.9170641015277664,0.9441532918440878,25,6,0,0.5509411305944398,0.5501259407445034,0.42,0.2609022587389934,0.2887264948535426,0.2546550048590865,0.9068259290385474,0.4441084823686357,0.6013142924325213
WDBC,ACP-Gini,43,1,0.2,0.7,0.2,0.7,0.9385964912280702,0.933693394266722,0.9649525057320668,25,6,0,0.3576840363505165,0.5876298768276845,0.42,0.2746761099378146,0.2572594611124215,0.236261742792355,0.9172229758908412,0.330011526143153,0.5522967953776721
WDBC,CART,43,2,0.2,0.7,0.2,0.7,0.912280701754386,0.9037162162162162,0.9161706349206348,21,5,0,0.3981857336566756,0.6157359375824251,0.52,0.3324536380652827,0.3469060536824105,0.2672108843537415,0.8789758261472737,0.4792463412740777,0.6206235384809041
WDBC,VIF+CART,43,2,0.2,0.7,0.2,0.7,0.8947368421052632,0.881578947368421,0.9553571428571428,27,6,13,0.3555198696858441,0.500836393005457,0.44,0.2865864702191232,0.2718893633201165,0.2374473598963395,0.8807863960756416,0.2957989729513162,0.3526646497142344
WDBC,RRF-style,43,2,0.2,0.7,0.2,0.7,0.8947368421052632,0.8869047619047619,0.9166666666666669,21,5,0,0.518186318436975,0.6600594921992512,0.52,0.3042960984593638,0.3566062326622164,0.2846712018140589,0.8611171202553966,0.4941489813570612,0.6292279907488711
WDBC,ACP-Gini,43,2,0.2,0.7,0.2,0.7,0.9035087719298246,0.8921475875118259,0.91385582010582,21,5,0,0.3519493629574954,0.5821798056278223,0.52,0.3005560176784667,0.3004113848110067,0.2519403952057013,0.8822809857349885,0.3458937534563077,0.5441701569931773
WDBC,CART,43,3,0.2,0.7,0.6,0.5,0.9298245614035088,0.922972972972973,0.9680886243386244,25,6,0,0.5139252043716027,0.6372661531290542,0.42,0.3083285812493495,0.2946736190244836,0.2359118885649498,0.9061513291368865,0.4590401727082934,0.6359789725701788
WDBC,VIF+CART,43,3,0.2,0.7,0.6,0.5,0.9210526315789472,0.9147486497714998,0.9403108465608466,27,6,14,0.3349925606190408,0.232065779755747,0.62,0.327959392081841,0.3268629275727738,0.2724360220278587,0.8820148541443679,0.2794159851209846,0.2906100933628742
WDBC,RRF-style,43,3,0.2,0.7,0.6,0.5,0.956140350877193,0.9539245008487592,0.9745370370370372,29,6,0,0.3890775991518654,0.6038815832295928,0.42,0.2653798333186088,0.2967542173160487,0.2488208616780045,0.9003560436262341,0.4698708796277239,0.6335186770608164
WDBC,ACP-Gini,43,3,0.2,0.7,0.6,0.5,0.912280701754386,0.9066491975106452,0.9743716931216932,25,6,0,0.3362143367480026,0.6087824100502781,0.42,0.2656115180671003,0.2465655707021512,0.225341755749919,0.9128795008256756,0.3504828200347648,0.5677532621093154
WDBC,CART,43,4,0.2,0.7,0.2,0.5,0.9646017699115044,0.9627799736495388,0.9750167672702884,27,6,0,0.4062295182380819,0.6564743320408203,0.38,0.3132944136695637,0.2806593084720862,0.2335860058309038,0.9110878352430652,0.4715484058869683,0.6238998831988481
WDBC,VIF+CART,43,4,0.2,0.7,0.2,0.5,0.9557522123893806,0.9536619371770688,0.9785378940308518,35,6,14,0.1827821665727681,0.2387472018734715,0.3,0.3076237979707367,0.2922225307726558,0.2648461289277616,0.8953306585485146,0.2702822209397397,0.3139600651041564
WDBC,RRF-style,43,4,0.2,0.7,0.2,0.5,0.9734513274336284,0.9719672537831804,0.9849094567404426,31,6,0,0.3275815566944199,0.5807407350852141,0.38,0.2398405721262864,0.2518001559665517,0.237661159701976,0.916885979971108,0.4676603425129134,0.6022591326548709
WDBC,ACP-Gini,43,4,0.2,0.7,0.2,0.5,0.9734513274336284,0.9717146433041302,0.9788732394366196,27,6,0,0.3603953038545684,0.6457708472568591,0.38,0.2613791016239996,0.2010439571700803,0.2042695173307418,0.9188925895994622,0.3455111506134131,0.5427083920984659
WDBC,CART,44,0,0.2,0.7,1.0,0.9,0.9473684210526316,0.9439895185063872,0.9572551588601376,27,6,0,0.3861322174249918,0.5620138828238765,0.38,0.313177138054689,0.3125626852928809,0.2585487528344671,0.8908012507244515,0.4876879687671077,0.620811206617822
WDBC,VIF+CART,44,0,0.2,0.7,1.0,0.9,0.9210526315789472,0.9147486497714998,0.9513593187029152,27,5,13,0.3822621669136604,0.5291318217436305,0.48,0.3016876570141876,0.3209814837032465,0.2681988986070618,0.8688980295479306,0.3008964342715234,0.3942922142085488
WDBC,RRF-style,44,0,0.2,0.7,1.0,0.9,0.9649122807017544,0.9619111259605746,0.9749426793318048,27,6,0,0.4998558945584816,0.6620144997409211,0.38,0.2436120093058869,0.2631173877132005,0.252759961127308,0.9037976622094585,0.4760140992424375,0.6048122971119377
WDBC,ACP-Gini,44,0,0.2,0.7,1.0,0.9,0.9385964912280702,0.9349474199070678,0.9569276121847364,27,6,0,0.3001166388536644,0.5415155486561302,0.38,0.2518581984908515,0.2268877915853889,0.2144250080984775,0.9120128375201668,0.3366904572809236,0.5404279547743094
WDBC,CART,44,1,0.2,0.7,0.4,0.5,0.9473684210526316,0.9439895185063872,0.9814936128398296,25,6,0,0.4335998656853663,0.5713968833451434,0.48,0.3283184621167814,0.317889148374929,0.245795270489148,0.9043256186155236,0.4356862318483881,0.5844593858072564
WDBC,VIF+CART,44,1,0.2,0.7,0.4,0.5,0.912280701754386,0.9074675324675324,0.9502129053390108,35,6,14,0.2307748516608604,0.2596862671559994,0.3,0.3242787845741027,0.2852933749221654,0.2242144476838354,0.893863840570427,0.272835570428771,0.3165238582591146
WDBC,RRF-style,44,1,0.2,0.7,0.4,0.5,0.9473684210526316,0.9434523809523808,0.9595479855879464,27,6,0,0.563170586118608,0.6330402592501715,0.48,0.2642883986761538,0.2789644079295023,0.2260155490767735,0.900812683974948,0.4354054933931127,0.5721668694973868
WDBC,ACP-Gini,44,1,0.2,0.7,0.4,0.5,0.9385964912280702,0.9343480049362404,0.9489027186374056,25,6,0,0.3611258582195928,0.4783028659641314,0.48,0.2971308079675426,0.2742476879807379,0.2271979267897635,0.9100074925573484,0.3313751383988862,0.5133288149545566
WDBC,CART,44,2,0.2,0.7,0.2,0.7,0.956140350877193,0.9531057178116,0.9639550264550264,25,6,0,0.4896344184302306,0.6838023132594118,0.46,0.3010667358518499,0.2873838447967049,0.2592290249433106,0.9014305381526037,0.4608706234757329,0.6207339349424854
WDBC,VIF+CART,44,2,0.2,0.7,0.2,0.7,0.9298245614035088,0.9253193580085162,0.9636243386243388,29,6,13,0.3005088633900912,0.6309320018835174,0.38,0.3004669143714761,0.2864406253124298,0.2422189828312277,0.8983164551363784,0.2794037319824833,0.3741304564521356
WDBC,RRF-style,44,2,0.2,0.7,0.2,0.7,0.9473684210526316,0.9434523809523808,0.9578373015873016,25,6,0,0.4345157988525897,0.6561403360767023,0.46,0.2215275155683319,0.2291328589373805,0.2268545513443473,0.9091811346942156,0.4577984597132601,0.5788147966060673
WDBC,ACP-Gini,44,2,0.2,0.7,0.2,0.7,0.956140350877193,0.9531057178116,0.9654431216931216,25,6,0,0.3310449324895851,0.6410428481040524,0.46,0.255496106268015,0.2190185451769104,0.2169420149011985,0.916675179665705,0.3463661161075212,0.5367645536131116
WDBC,CART,44,3,0.2,0.7,0.2,0.9,0.956140350877193,0.9526381387619444,0.9647817460317462,21,5,0,0.3743522688396112,0.6181002020251355,0.38,0.2748142203268254,0.2614120058717014,0.2605442176870748,0.9012471185224707,0.4360704264680767,0.5853557748695544
WDBC,VIF+CART,44,3,0.2,0.7,0.2,0.9,0.9385964912280702,0.9329805996472662,0.96494708994709,25,5,13,0.3822621669136604,0.5315294244597881,0.6,0.3108686857360326,0.3311988182928265,0.3058600583090378,0.8603422435080569,0.2835502685807147,0.3413840634960351
WDBC,RRF-style,44,3,0.2,0.7,0.2,0.9,0.956140350877193,0.9526381387619444,0.9723875661375662,21,5,0,0.3461134344679835,0.6116065774842402,0.38,0.2174723235947725,0.2049557137288689,0.210907029478458,0.9120152186695464,0.434925558599913,0.5879237328086344
WDBC,ACP-Gini,44,3,0.2,0.7,0.2,0.9,0.956140350877193,0.9526381387619444,0.9647817460317462,21,5,0,0.2945321194122507,0.5346086570901585,0.38,0.2496506062964646,0.2154243064680606,0.2296080336896663,0.9176165001850856,0.32605043011318,0.5361865955560287
WDBC,CART,44,4,0.2,0.7,0.4,0.7,0.911504424778761,0.9052649228705568,0.9248826291079812,27,6,0,0.3812343908786143,0.64042368014524,0.44,0.2921457037027264,0.2665755226138038,0.2220570132815031,0.9124294389645372,0.4809149140636778,0.6281409992361605
WDBC,VIF+CART,44,4,0.2,0.7,0.4,0.7,0.9646017699115044,0.9627799736495388,0.9849094567404426,29,6,13,0.3629138028783636,0.5008960723063343,0.58,0.3392557952251829,0.3659023879309933,0.3042468415937804,0.8727957588144718,0.2812585179591524,0.3225348255657357
WDBC,RRF-style,44,4,0.2,0.7,0.4,0.7,0.9292035398230089,0.9249169435215948,0.9495305164319248,27,6,0,0.3097297813852278,0.6193484046910419,0.44,0.2352948434785169,0.2457197152922897,0.2122287010042112,0.9040844639343724,0.4600075404381892,0.6153257459832387
WDBC,ACP-Gini,44,4,0.2,0.7,0.4,0.7,0.9292035398230089,0.9249169435215948,0.9595908786049632,27,6,0,0.2913389791930062,0.6058861826832721,0.44,0.2585197122472032,0.2123438442608722,0.1999060576611597,0.9129918286118452,0.3569017756597602,0.565811679767785
Wine,CART,42,0,1.0,0.9,1.0,0.9,0.7330769230769231,0.7085674452199182,0.7828583873999861,109,6,0,0.2447890453576659,0.1586702695179775,1.0,0.9760296846011132,0.6664860853432283,0.6191545189504374,0.5789472417113536,0.2440760192870703,0.1813245987298655
Wine,VIF+CART,42,0,1.0,0.9,1.0,0.9,0.7338461538461538,0.7075232459847844,0.7840479811295281,109,6,1,0.2379085550315292,0.1542066831121813,1.0,0.996,0.7785882214315671,0.6689795918367347,0.5576279188833637,0.2378256542392634,0.1667230282717295
Wine,RRF-style,42,0,1.0,0.9,1.0,0.9,0.7346153846153847,0.7096784842951271,0.7846032946906418,109,6,0,0.2447890453576659,0.1623017054893767,1.0,0.951294990723562,0.6608954206655937,0.6122934888241011,0.5807658080893189,0.2449603786846315,0.1808408032730214
Wine,ACP-Gini,42,0,1.0,0.9,1.0,0.9,0.7315384615384616,0.7093751341185393,0.7892279358383578,107,6,0,0.2080885340760038,0.1054444607028043,1.0,0.921806019377448,0.8751965797579975,0.6933722060252673,0.5208766825492029,0.2150542050356365,0.1306154125244506
Wine,CART,42,1,1.0,0.9,0.8,0.5,0.7476923076923077,0.7254523211641234,0.7919331789663526,117,6,0,0.2447890453576659,0.1718210242468791,1.0,0.9927272727272728,0.6034508348794063,0.5420602526724976,0.5781552180983376,0.2444758689208858,0.1823731055669297
Wine,VIF+CART,42,1,1.0,0.9,0.8,0.5,0.75,0.7283501499057101,0.7980148813845138,115,6,1,0.2379085550315292,0.1598082768199831,1.0,1.0,0.7271243042671615,0.5669484936831876,0.5576450604635402,0.2379085550315292,0.1666546701883522
Wine,RRF-style,42,1,1.0,0.9,0.8,0.5,0.7461538461538462,0.7227098679090644,0.792666804221402,117,6,0,0.2447890453576659,0.1824371393240892,1.0,0.9629090909090908,0.5923433657823032,0.529067055393586,0.5744456276726868,0.2434869698534094,0.1814986180347117
Wine,ACP-Gini,42,1,1.0,0.9,0.8,0.5,0.7384615384615385,0.7128855907541365,0.8032215828474338,117,6,0,0.2055595719045704,0.1128577096734517,1.0,0.8652541743970316,0.827958230024294,0.6649173955296405,0.5001852167686504,0.2200370458060125,0.1230324538501316
Wine,CART,42,2,1.0,0.9,1.0,0.9,0.7598152424942263,0.7408975834292291,0.8019403510382714,119,6,0,0.2447890453576659,0.1782726905193678,1.0,0.9754359925788498,0.6834730983302413,0.6270068027210884,0.5664607816094578,0.2454832058656094,0.1843162687762738
Wine,VIF+CART,42,2,1.0,0.9,1.0,0.9,0.7590454195535027,0.7397151883540268,0.7968510102169377,121,6,1,0.2379085550315292,0.1723430086442407,1.0,0.9841632653061224,0.7761646076543048,0.6578328474246843,0.5439742567756373,0.2377016667356554,0.1711667435048061
Wine,RRF-style,42,2,1.0,0.9,1.0,0.9,0.7575057736720554,0.7353309293187367,0.8041719587649901,119,6,0,0.2447890453576659,0.1680544479977019,1.0,0.9488682745825604,0.7062054493185983,0.6702526724975705,0.5668205017755543,0.2458473446519123,0.1829559965638195
Wine,ACP-Gini,42,2,1.0,0.9,1.0,0.9,0.7513471901462664,0.7318827197375426,0.799352961279693,121,6,0,0.2379085550315292,0.1230468549755798,1.0,0.9060977118119976,0.8407414154850105,0.6437220602526725,0.4907989032540463,0.2194867874959173,0.1289297130140461
Wine,CART,42,3,1.0,0.9,1.0,0.9,0.7467282525019245,0.7266569747175722,0.8065553158171254,113,6,0,0.2447890453576659,0.1646053483672142,1.0,0.9928756957328384,0.6561113172541744,0.6080369290573372,0.5635672994271675,0.2445138257446204,0.1832165950769374
Wine,VIF+CART,42,3,1.0,0.9,1.0,0.9,0.7490377213240954,0.729271192942079,0.8097637301259392,115,6,1,0.2379085550315292,0.1561696431075565,1.0,0.996,0.7521282328275369,0.6006608357628767,0.5510605850174967,0.2379785702173249,0.1697966276161876
Wine,RRF-style,42,3,1.0,0.9,1.0,0.9,0.7490377213240954,0.729271192942079,0.8119558065157845,115,6,0,0.2379085550315292,0.1563345366904073,1.0,0.9510871985157698,0.6517587788354844,0.5902235179786202,0.5657219697663153,0.2437373147608255,0.1818093010600092
Wine,ACP-Gini,42,3,1.0,0.9,1.0,0.9,0.7390300230946882,0.722835086747587,0.8045710977469688,117,6,0,0.2080885340760038,0.1219462593215494,1.0,0.8938742527313956,0.8098006529405881,0.6518950437317785,0.5000241768389757,0.2237543943571827,0.1297631433671472
Wine,CART,42,4,1.0,0.9,1.0,0.9,0.7344110854503464,0.7163247388779839,0.788654951652593,119,6,0,0.2447890453576659,0.1743552440925095,1.0,0.9963636363636365,0.7295584415584416,0.6622643343051507,0.5452190805988824,0.2446514355511431,0.1844333587450704
Wine,VIF+CART,42,4,1.0,0.9,1.0,0.9,0.7344110854503464,0.7163247388779839,0.7853007545667113,119,6,1,0.2379085550315292,0.1687058808078887,1.0,1.0,0.8129424860853434,0.6460738581146744,0.533412313921156,0.2379085550315292,0.1718246340306816
Wine,RRF-style,42,4,1.0,0.9,1.0,0.9,0.7390300230946882,0.7214888133449284,0.7905375394386186,119,6,0,0.2447890453576659,0.1679392757952759,1.0,0.968,0.7333016207699011,0.6745189504373178,0.5526647188044772,0.2444866300297912,0.1815900821964977
Wine,ACP-Gini,42,4,1.0,0.9,1.0,0.9,0.7421093148575828,0.725448122745664,0.7912676006003859,121,6,0,0.2080885340760038,0.1185888492463127,1.0,0.9187301587301588,0.8647694482574239,0.7229154518950438,0.5005053156229391,0.2211768645052888,0.1302306112345336
Wine,CART,43,0,1.0,0.9,1.0,0.9,0.7346153846153847,0.7180619509358646,0.8047932730639809,113,6,0,0.2447890453576659,0.1691354129542496,1.0,1.0,0.6156883116883117,0.5724586977648203,0.5578097727170254,0.2447890453576659,0.1862572006228187
Wine,VIF+CART,43,0,1.0,0.9,1.0,0.9,0.7369230769230769,0.7180908804999544,0.8062707128137332,115,6,1,0.2379085550315292,0.1586863843075143,1.0,0.996,0.7382998754881228,0.6082021379980563,0.5387762017462235,0.2380683035002497,0.1713959873647058
Wine,RRF-style,43,0,1.0,0.9,1.0,0.9,0.7407692307692307,0.7227985388869802,0.8090740273733924,115,6,0,0.2379085550315292,0.1578043509164693,1.0,0.96830426716141,0.613403291362383,0.5558989310009719,0.5680227633248222,0.2446364787005949,0.1841103290839629
Wine,ACP-Gini,43,0,1.0,0.9,1.0,0.9,0.7461538461538462,0.7326663077291218,0.8123778883310279,113,6,0,0.2414093143213143,0.1071404635501876,1.0,0.8948979591836734,0.8142576454302204,0.6628862973760933,0.5201470216551515,0.2180994244341356,0.1320132183899333
Wine,CART,43,1,1.0,0.9,1.0,0.5,0.7384615384615385,0.7241610001098363,0.788905701134317,113,6,0,0.2447890453576659,0.1694766912308821,1.0,0.9755844155844156,0.6592356215213359,0.5945189504373178,0.5797107921544945,0.243945739671078,0.1774136367899824
Wine,VIF+CART,43,1,1.0,0.9,1.0,0.5,0.7338461538461538,0.7199078398405878,0.7865137771256664,113,6,1,0.2379085550315292,0.1501840659451501,1.0,0.996,0.749954559290805,0.6042662779397473,0.5580149625652605,0.2373121546124187,0.1654706693051422
Wine,RRF-style,43,1,1.0,0.9,1.0,0.5,0.7369230769230769,0.7231458994956099,0.7903411102704987,113,6,0,0.2398079647307797,0.1768455744972533,1.0,0.9528014842300556,0.6638070500927644,0.5966277939747329,0.5825688364061803,0.2433681770607575,0.1757058422283954
Wine,ACP-Gini,43,1,1.0,0.9,1.0,0.5,0.7430769230769231,0.728420636528988,0.7988682302054915,117,6,0,0.2080885340760038,0.1235752830894625,1.0,0.8898177695320552,0.8521784025612074,0.6572983479105928,0.5308531086975071,0.2156900346257975,0.1234920595023024
Wine,CART,43,2,1.0,0.9,1.0,0.9,0.745958429561201,0.7164580908032596,0.794880819395349,111,6,0,0.2447890453576659,0.1540638047684645,1.0,0.9892393320964752,0.6941818181818182,0.6247230320699709,0.5667781195473216,0.2447727477985327,0.1782154213709873
Wine,VIF+CART,43,2,1.0,0.9,1.0,0.9,0.7505773672055427,0.7251648190908047,0.7978711737491518,111,6,1,0.2379085550315292,0.1457439238042828,1.0,0.992,0.763749979993052,0.6288241010689991,0.5485949403692119,0.2372721812211841,0.1671377055494457
Wine,RRF-style,43,2,1.0,0.9,1.0,0.9,0.745958429561201,0.7164580908032596,0.794880819395349,111,6,0,0.2447890453576659,0.1540638047684645,1.0,0.9516141001855288,0.6959183673469389,0.634402332361516,0.5703453467250001,0.2442860311886789,0.1776286753200072
Wine,ACP-Gini,43,2,1.0,0.9,1.0,0.9,0.7621247113163973,0.7418549686315241,0.7984756206419891,111,6,0,0.1947472228036031,0.1068343867914876,1.0,0.9291133786848074,0.8622790454185634,0.6830709426627795,0.4977884370339663,0.2152820436906144,0.1274097388066646
Wine,CART,43,3,1.0,0.9,1.0,0.9,0.7405696689761355,0.7142846886595112,0.8027539314552123,113,6,0,0.2447890453576659,0.1792093804756512,1.0,0.9787755102040816,0.6781595547309833,0.608377065111759,0.5587563260782699,0.2459583696284374,0.1882240380410513
Wine,VIF+CART,43,3,1.0,0.9,1.0,0.9,0.7421093148575828,0.7150944643875445,0.8040648415941076,113,6,1,0.2379085550315292,0.1705739902974136,1.0,0.980326530612245,0.7752370977752366,0.6115063168124393,0.5497681734953518,0.238663884531542,0.1730922320371279
Wine,RRF-style,43,3,1.0,0.9,1.0,0.9,0.7405696689761355,0.7044707804372555,0.8010413319255077,113,6,0,0.2447890453576659,0.177821884295276,1.0,0.9414990723562152,0.6885511469131885,0.5966666666666667,0.570607687979713,0.2454671925153569,0.1864800858679616
Wine,ACP-Gini,43,3,1.0,0.9,1.0,0.9,0.7244033872209392,0.7047682290740844,0.8014340948854102,111,6,0,0.2080885340760038,0.1304986712402369,1.0,0.8908785817357247,0.8435180106932737,0.7020699708454811,0.506762632444256,0.2230687668200794,0.1291458670906646
Wine,CART,43,4,1.0,0.9,1.0,0.9,0.7428791377983064,0.7133382490525347,0.7752011497186967,119,6,0,0.2447890453576659,0.1669691497044953,1.0,0.9927272727272728,0.6822189239332097,0.6198931000971818,0.5640424332682287,0.2445518139386054,0.1805363188221594
Wine,VIF+CART,43,4,1.0,0.9,1.0,0.9,0.737490377213241,0.7074913576496769,0.779734676373587,117,6,1,0.2379085550315292,0.1525991405588672,1.0,0.996,0.7710001968254574,0.6190573372206025,0.5427846839652318,0.2382043572225097,0.167642981446491
Wine,RRF-style,43,4,1.0,0.9,1.0,0.9,0.7428791377983064,0.7133382490525347,0.7756351021575094,119,6,0,0.2447890453576659,0.1669250161747462,1.0,0.9365640074211502,0.6751909270297447,0.6137803692905733,0.5753605971597374,0.2435143856745906,0.1784185610216804
Wine,ACP-Gini,43,4,1.0,0.9,1.0,0.9,0.7451886066204773,0.7190819196581699,0.7861010139171101,121,6,0,0.2080885340760038,0.1219633162214897,1.0,0.9141084312512884,0.8549362238133936,0.6896404275996113,0.5152438176213777,0.2198656099995034,0.1305160575785321
Wine,CART,44,0,1.0,0.9,1.0,0.9,0.7546153846153846,0.7299340757812668,0.7979117153330225,111,6,0,0.2379085550315292,0.1423179708715984,1.0,0.989090909090909,0.7187903525046382,0.647463556851312,0.5692866842030411,0.2445829811102353,0.1761568113041256
Wine,VIF+CART,44,0,1.0,0.9,1.0,0.9,0.7546153846153846,0.7299340757812668,0.7979117153330225,111,6,1,0.2379085550315292,0.1423179708715984,1.0,0.996,0.8033185235683663,0.6554810495626823,0.5509941827976512,0.2378685816402946,0.1635866805848127
Wine,RRF-style,44,0,1.0,0.9,1.0,0.9,0.7546153846153846,0.7318216533159505,0.7997827144643898,111,6,0,0.2379085550315292,0.1406147572192528,1.0,0.9520593692022264,0.7090315398886828,0.6382896015549077,0.5794601594960764,0.2436294197425451,0.1749024847480762
Wine,ACP-Gini,44,0,1.0,0.9,1.0,0.9,0.7630769230769231,0.7396449704142012,0.8088562323757996,115,6,0,0.2080885340760038,0.1074874437387362,1.0,0.9106757369614512,0.8542925517648109,0.6716909620991255,0.5205673011426925,0.2156400158144241,0.1257188769568743
Wine,CART,44,1,1.0,0.9,1.0,0.9,0.7507692307692307,0.7168403361344537,0.8054784994306762,109,6,0,0.2447890453576659,0.1545776002359045,1.0,0.9856029684601114,0.6126159554730983,0.55354713313897,0.5737365522826112,0.2447444278978576,0.1830536817710107
Wine,VIF+CART,44,1,1.0,0.9,1.0,0.9,0.75,0.7161379441937277,0.8096700978931198,109,6,1,0.2379085550315292,0.1472473362596748,1.0,0.992,0.7352251940411897,0.5760835762876579,0.5530389873442475,0.238164383831275,0.1673946198711064
Wine,RRF-style,44,1,1.0,0.9,1.0,0.9,0.75,0.7161379441937277,0.8096688242381634,109,6,0,0.2447890453576659,0.1478840962528746,1.0,0.9651057513914656,0.5988367411198775,0.5264237123420796,0.5723346058536829,0.2449054898032194,0.1821042665609893
Wine,ACP-Gini,44,1,1.0,0.9,1.0,0.9,0.7607692307692308,0.7347723719799442,0.8099439337088068,115,6,0,0.2379085550315292,0.1240682556791532,1.0,0.8842820037105752,0.8264025799968739,0.627240038872692,0.5338021851458039,0.2213205189026955,0.1292074866314492
Wine,CART,44,2,1.0,0.9,1.0,0.7,0.7729022324865281,0.754235565215551,0.8242946844379153,121,6,0,0.2447890453576659,0.1699227007169166,1.0,0.9751243042671612,0.6414311524107759,0.5732458697764821,0.5798333141022364,0.2443678883533726,0.1871953768226456
Wine,VIF+CART,44,2,1.0,0.9,1.0,0.7,0.7736720554272517,0.7551809286439582,0.8225234255051086,121,6,1,0.2379085550315292,0.1624702609680728,1.0,0.992,0.7619104183500579,0.5936443148688048,0.5522360493318209,0.2381383186860454,0.1722024373625562
Wine,RRF-style,44,2,1.0,0.9,1.0,0.7,0.7736720554272517,0.7549559838821447,0.8239184991354114,121,6,0,0.2398079647307797,0.1734882879425311,1.0,0.9587680890538034,0.6431971531210481,0.5818561710398445,0.5818095076294472,0.2442947710875086,0.1860750857577216
Wine,ACP-Gini,44,2,1.0,0.9,1.0,0.7,0.7544264819091608,0.7374844868644366,0.8123970272434671,117,6,0,0.2337635154182387,0.120110920166425,1.0,0.9049622758194186,0.8311157844095197,0.6726919339164237,0.498197975205817,0.2256121277423788,0.1288113327264436
Wine,CART,44,3,1.0,0.9,0.8,0.9,0.7536566589684373,0.7315200429898623,0.7989053645299342,119,6,0,0.2447890453576659,0.1718872152710879,1.0,0.971948051948052,0.7215361781076067,0.6648396501457727,0.5626291147079532,0.245189142888667,0.1832817943294215
Wine,VIF+CART,44,3,1.0,0.9,0.8,0.9,0.7451886066204773,0.7249953149894115,0.8008360240146496,119,6,1,0.2379085550315292,0.1661804559416975,1.0,0.9801632653061226,0.8014593883719442,0.6741107871720117,0.5468053391151396,0.2386899496767717,0.1720552655163725
Wine,RRF-style,44,3,1.0,0.9,0.8,0.9,0.7513471901462664,0.7291333794270818,0.7980879584997475,119,6,0,0.2447890453576659,0.1740660608852461,1.0,0.934100185528757,0.7216441965579755,0.6570942662779398,0.5688212279324454,0.2448214166326884,0.1835994438730831
Wine,ACP-Gini,44,3,1.0,0.9,0.8,0.9,0.7505773672055427,0.7260064579969794,0.7972871301269594,117,6,0,0.2080885340760038,0.1228145638471491,1.0,0.8845491651205937,0.8707824472888994,0.7331000971817299,0.5146955847710888,0.2199664549191775,0.1299981061700815
Wine,CART,44,4,1.0,0.9,0.8,0.9,0.75211701308699,0.7318648266100496,0.7962950672371014,115,6,0,0.2447890453576659,0.1645646735586783,1.0,0.9928756957328386,0.6275324675324675,0.5719241982507289,0.5747991330923465,0.2453068894654904,0.1832221052750755
Wine,VIF+CART,44,4,1.0,0.9,0.8,0.9,0.75211701308699,0.7318648266100496,0.7947877206775784,117,6,1,0.2379085550315292,0.1629813800585229,1.0,1.0,0.7407272727272728,0.5848396501457727,0.5521848142964726,0.2379085550315292,0.1693755057915478
Wine,RRF-style,44,4,1.0,0.9,0.8,0.9,0.7498075442648191,0.7299802941738935,0.7944533220335521,113,6,0,0.2447890453576659,0.1634772766068932,1.0,0.954330241187384,0.6330808182666189,0.5729737609329447,0.5861964828437847,0.2451046147781248,0.1822633050440949
Wine,ACP-Gini,44,4,1.0,0.9,0.8,0.9,0.7405696689761355,0.7210039099718621,0.7901189029682346,117,6,0,0.2379085550315292,0.1194521275819515,1.0,0.8678499278499279,0.8402013587114776,0.648804664723032,0.5275185909651788,0.2187462457305087,0.1283577747050513
Pima,CART,42,0,0.2,0.9,0.4,0.9,0.7662337662337663,0.7210144927536233,0.7722222222222221,73,6,0,0.1587031560949872,0.1831177846283969,1.0,0.9498979591836736,0.6343245869776483,0.6254907677356658,0.6729182351768864,0.1697839100421438,0.1777852453576283
Pima,VIF+CART,42,0,0.2,0.9,0.4,0.9,0.7662337662337663,0.7210144927536233,0.7722222222222221,73,6,0,0.1587031560949872,0.1831177846283969,1.0,0.9498979591836736,0.6343245869776483,0.6254907677356658,0.6729182351768864,0.1697839100421438,0.1777852453576283
Pima,RRF-style,42,0,0.2,0.9,0.4,0.9,0.7662337662337663,0.7210144927536233,0.7722222222222221,73,6,0,0.1587031560949872,0.1831177846283969,1.0,0.8862244897959184,0.6047497587803765,0.6256656948493684,0.6723959999097743,0.1688171854297712,0.1769106128653316
Pima,ACP-Gini,42,0,0.2,0.9,0.4,0.9,0.7597402597402597,0.7114498404820986,0.7669444444444444,73,6,0,0.1587031560949872,0.1845955856252718,1.0,0.919067055393586,0.6400044748676437,0.6388532555879496,0.6687115772111971,0.1691267953449969,0.1742074226940588
Pima,CART,42,1,0.2,0.9,0.2,0.9,0.7532467532467533,0.7186538461538461,0.7899074074074075,73,6,0,0.1587031560949872,0.1861425416293169,0.98,0.9313265306122448,0.6465111758989311,0.6280563654033042,0.6678365052591715,0.1694862889005681,0.1834600994823889
Pima,VIF+CART,42,1,0.2,0.9,0.2,0.9,0.7532467532467533,0.7186538461538461,0.7899074074074075,73,6,0,0.1587031560949872,0.1861425416293169,0.98,0.9313265306122448,0.6465111758989311,0.6280563654033042,0.6678365052591715,0.1694862889005681,0.1834600994823889
Pima,RRF-style,42,1,0.2,0.9,0.2,0.9,0.7532467532467533,0.7186538461538461,0.7899074074074075,73,6,0,0.1587031560949872,0.1861425416293169,0.98,0.863804664723032,0.6688126186989444,0.6439844509232264,0.6759185252219884,0.1685350978737339,0.1833119370294754
Pima,ACP-Gini,42,1,0.2,0.9,0.2,0.9,0.7532467532467533,0.7156462585034014,0.7858333333333334,73,6,0,0.1587031560949872,0.1890033020786277,0.98,0.915116618075802,0.6726645090427408,0.647648202137998,0.6675563448218336,0.1691413814947457,0.1816964973437548
Pima,CART,42,2,0.2,0.9,0.4,0.9,0.7532467532467533,0.7156462585034014,0.7656481481481483,77,6,0,0.1716567889709266,0.1736252473388351,0.96,0.9363556851311956,0.7654004436154761,0.7233041788143829,0.6687741294520149,0.1693336157991153,0.17549027975338
Pima,VIF+CART,42,2,0.2,0.9,0.4,0.9,0.7532467532467533,0.7156462585034014,0.7656481481481483,77,6,0,0.1716567889709266,0.1736252473388351,0.96,0.9363556851311956,0.7654004436154761,0.7233041788143829,0.6687741294520149,0.1693336157991153,0.17549027975338
Pima,RRF-style,42,2,0.2,0.9,0.4,0.9,0.7532467532467533,0.7156462585034014,0.7670370370370372,77,6,0,0.1716567889709266,0.1736770286733861,0.96,0.878586005830904,0.7626822728544925,0.735860058309038,0.6650396895571123,0.1679784480072545,0.174466311354878
Pima,ACP-Gini,42,2,0.2,0.9,0.4,0.9,0.7532467532467533,0.7156462585034014,0.7780555555555555,77,6,0,0.1716567889709266,0.1730867355628026,0.96,0.8938969873663752,0.7804516052915991,0.7462001943634596,0.6636501279647563,0.1685097707722202,0.1740847748836467
Pima,CART,42,3,0.2,0.9,1.0,0.7,0.7124183006535948,0.6621838619028503,0.7520754716981132,69,6,0,0.1716567889709266,0.1902236728518566,1.0,0.889139941690962,0.6966718628104924,0.6695043731778425,0.6600929052364858,0.169682517453747,0.1775103059500569
Pima,VIF+CART,42,3,0.2,0.9,1.0,0.7,0.7124183006535948,0.6621838619028503,0.7520754716981132,69,6,0,0.1716567889709266,0.1902236728518566,1.0,0.889139941690962,0.6966718628104924,0.6695043731778425,0.6600929052364858,0.169682517453747,0.1775103059500569
Pima,RRF-style,42,3,0.2,0.9,1.0,0.7,0.7058823529411765,0.6524307133121308,0.7664150943396226,67,6,0,0.1587031560949872,0.1845754720975002,1.0,0.8662682215743441,0.6821242754385523,0.6691448007774539,0.6680228961822109,0.1690658433737393,0.1779619400369579
Pima,ACP-Gini,42,3,0.2,0.9,1.0,0.7,0.7189542483660131,0.6717884759291595,0.7631132075471698,69,6,0,0.1716567889709266,0.1867846064725957,1.0,0.8692419825072886,0.7341013471531437,0.6946258503401361,0.6587785555214165,0.1697738023679657,0.1759125736759812
Pima,CART,42,4,0.2,0.9,0.2,0.9,0.7124183006535948,0.6732038834951457,0.6789622641509434,65,6,0,0.1739817346301192,0.1846797898390841,0.98,0.9165451895043734,0.7597469138338091,0.6829057337220603,0.654068894736232,0.1703668351515189,0.1831456531692278
Pima,VIF+CART,42,4,0.2,0.9,0.2,0.9,0.7124183006535948,0.6732038834951457,0.6789622641509434,65,6,0,0.1739817346301192,0.1846797898390841,0.98,0.9165451895043734,0.7597469138338091,0.6829057337220603,0.654068894736232,0.1703668351515189,0.1831456531692278
Pima,RRF-style,42,4,0.2,0.9,0.2,0.9,0.6993464052287581,0.6468285828984344,0.708679245283019,67,6,0,0.1716567889709266,0.1881710513170298,0.98,0.8273032069970846,0.7756872956693752,0.6946452866861029,0.6650447416499154,0.1678987411107987,0.1822668270922078
Pima,ACP-Gini,42,4,0.2,0.9,0.2,0.9,0.6928104575163399,0.6276601253041992,0.6861320754716982,61,6,0,0.1716567889709266,0.1843955359389629,0.98,0.8620699708454812,0.7721421262062975,0.6921963070942663,0.6656893779195022,0.1698810397827146,0.1810658198437188
Pima,CART,43,0,0.2,0.9,0.6,0.9,0.7337662337662337,0.66190093708166,0.7828703703703703,69,6,0,0.1716567889709266,0.1853847146547113,1.0,0.9039795918367348,0.6998056365403306,0.6661807580174928,0.6510811083845482,0.1682066716896827,0.1809917341257828
Pima,VIF+CART,43,0,0.2,0.9,0.6,0.9,0.7337662337662337,0.66190093708166,0.7828703703703703,69,6,0,0.1716567889709266,0.1853847146547113,1.0,0.9039795918367348,0.6998056365403306,0.6661807580174928,0.6510811083845482,0.1682066716896827,0.1809917341257828
Pima,RRF-style,43,0,0.2,0.9,0.6,0.9,0.7532467532467533,0.6977272727272728,0.7653703703703704,69,6,0,0.1591232794962716,0.1793281006958934,1.0,0.8529154518950438,0.7062165450752439,0.6531389698736637,0.653691133643986,0.1667339419446742,0.1803148608650866
Pima,ACP-Gini,43,0,0.2,0.9,0.6,0.9,0.7337662337662337,0.66190093708166,0.7811111111111111,71,6,0,0.1643185465725868,0.1849723478461462,1.0,0.9001749271137027,0.7135571320905554,0.6898639455782313,0.6568980688811168,0.1683469373911216,0.179888380646977
Pima,CART,43,1,0.2,0.9,0.8,0.7,0.7012987012987013,0.6594230769230769,0.7814814814814814,73,6,0,0.1716567889709266,0.1791310262094014,1.0,0.9262390670553936,0.6960722255601902,0.6551603498542274,0.6484613279165707,0.1694279975153772,0.1801773658060339
Pima,VIF+CART,43,1,0.2,0.9,0.8,0.7,0.7012987012987013,0.6594230769230769,0.7814814814814814,73,6,0,0.1716567889709266,0.1791310262094014,1.0,0.9262390670553936,0.6960722255601902,0.6551603498542274,0.6484613279165707,0.1694279975153772,0.1801773658060339
Pima,RRF-style,43,1,0.2,0.9,0.8,0.7,0.7012987012987013,0.6594230769230769,0.7781481481481483,73,6,0,0.1716567889709266,0.1792432206323698,1.0,0.821622934888241,0.7102468935231961,0.6667832847424684,0.6570380846117385,0.1677957022427889,0.1798352166435106
Pima,ACP-Gini,43,1,0.2,0.9,0.8,0.7,0.7012987012987013,0.6594230769230769,0.7888888888888889,73,6,0,0.1716567889709266,0.1790022765031189,1.0,0.8925218658892129,0.7216543070285277,0.6639844509232264,0.6572315866660978,0.1689066172138302,0.1798212355009193
Pima,CART,43,2,0.2,0.9,0.8,0.9,0.7272727272727273,0.6979263964132263,0.7511111111111112,65,6,0,0.1716567889709266,0.1779920374738064,0.98,0.9434110787172012,0.7295380526968004,0.6852380952380953,0.6893440676478579,0.1712778139100349,0.1820251319262947
Pima,VIF+CART,43,2,0.2,0.9,0.8,0.9,0.7272727272727273,0.6979263964132263,0.7511111111111112,65,6,0,0.1716567889709266,0.1779920374738064,0.98,0.9434110787172012,0.7295380526968004,0.6852380952380953,0.6893440676478579,0.1712778139100349,0.1820251319262947
Pima,RRF-style,43,2,0.2,0.9,0.8,0.9,0.7142857142857143,0.6957614942528736,0.739074074074074,65,6,0,0.1716567889709266,0.176731222706307,0.98,0.8745821185617105,0.7455650864039303,0.7000485908649174,0.6857209965374226,0.1709140541789152,0.1810703370182979
Pima,ACP-Gini,43,2,0.2,0.9,0.8,0.9,0.7142857142857143,0.6957614942528736,0.7379629629629629,65,6,0,0.1716567889709266,0.1764296542902214,0.98,0.8842857142857142,0.7484178892361691,0.6875996112730807,0.6743964770522844,0.1698837471630176,0.179690971016228
Pima,CART,43,3,0.2,0.9,0.2,0.9,0.7843137254901961,0.7536231884057971,0.830754716981132,71,6,0,0.1716567889709266,0.1927833029997799,1.0,0.9348396501457727,0.7296826581077065,0.6941010689990282,0.6644645132844637,0.1696600876610625,0.1826182000666045
Pima,VIF+CART,43,3,0.2,0.9,0.2,0.9,0.7843137254901961,0.7536231884057971,0.830754716981132,71,6,0,0.1716567889709266,0.1927833029997799,1.0,0.9348396501457727,0.7296826581077065,0.6941010689990282,0.6644645132844637,0.1696600876610625,0.1826182000666045
Pima,RRF-style,43,3,0.2,0.9,0.2,0.9,0.7843137254901961,0.7536231884057971,0.830754716981132,71,6,0,0.1716567889709266,0.1927833029997799,1.0,0.8661661807580174,0.7184233748733085,0.6750631681243926,0.667994418550961,0.1689520534383818,0.1828708283336606
Pima,ACP-Gini,43,3,0.2,0.9,0.2,0.9,0.7777777777777778,0.7474757281553398,0.8102830188679246,69,6,0,0.1716567889709266,0.1951163339801981,1.0,0.9054081632653062,0.7411283311650408,0.6964431486880467,0.6637314433793038,0.1689274168303715,0.1809686048097521
Pima,CART,43,4,0.2,0.9,1.0,0.7,0.7450980392156863,0.7118087418497947,0.7764150943396226,73,6,0,0.1716567889709266,0.1870194645711902,1.0,0.9225072886297376,0.6664766531032141,0.6754713313896987,0.6648771223679862,0.1682732682320314,0.1742464034560162
Pima,VIF+CART,43,4,0.2,0.9,1.0,0.7,0.7450980392156863,0.7118087418497947,0.7764150943396226,73,6,0,0.1716567889709266,0.1870194645711902,1.0,0.9225072886297376,0.6664766531032141,0.6754713313896987,0.6648771223679862,0.1682732682320314,0.1742464034560162
Pima,RRF-style,43,4,0.2,0.9,1.0,0.7,0.7450980392156863,0.7118087418497947,0.7850943396226415,73,6,0,0.1716567889709266,0.1870602132061906,1.0,0.8821574344023325,0.6627527862366038,0.6687657920310981,0.6667442373020444,0.1673396347577603,0.1749443494679779
Pima,ACP-Gini,43,4,0.2,0.9,1.0,0.7,0.7450980392156863,0.70566763675825,0.7747169811320755,73,6,0,0.1716567889709266,0.1856525759056274,1.0,0.9202040816326532,0.7052672497570458,0.6881632653061226,0.6542683141166098,0.1679353373447267,0.1733051011124634
Pima,CART,44,0,0.2,0.9,0.4,0.9,0.7142857142857143,0.6806184012066365,0.7264814814814815,73,6,0,0.1716567889709266,0.1825083787839947,1.0,0.9299271137026238,0.6407630395812818,0.6468318756073859,0.6553172563410957,0.1697865453638466,0.1820264619858869
Pima,VIF+CART,44,0,0.2,0.9,0.4,0.9,0.7142857142857143,0.6806184012066365,0.7264814814814815,73,6,0,0.1716567889709266,0.1825083787839947,1.0,0.9299271137026238,0.6407630395812818,0.6468318756073859,0.6553172563410957,0.1697865453638466,0.1820264619858869
Pima,RRF-style,44,0,0.2,0.9,0.4,0.9,0.7142857142857143,0.6806184012066365,0.7264814814814815,73,6,0,0.1716567889709266,0.1825083787839947,1.0,0.8566763848396503,0.665518377493169,0.6467638483965014,0.6591541874973567,0.1691680959934378,0.1818716041053442
Pima,ACP-Gini,44,0,0.2,0.9,0.4,0.9,0.7142857142857143,0.6806184012066365,0.7491666666666666,73,6,0,0.1716567889709266,0.1808261149874127,1.0,0.9069679300291544,0.6359249548454359,0.6291350826044704,0.6554456253274202,0.1692321165019437,0.1794322696316054
Pima,CART,44,1,0.2,0.9,0.8,0.7,0.7272727272727273,0.6890384615384615,0.7948148148148148,67,6,0,0.1587031560949872,0.1727667270307922,0.98,0.9040962099125366,0.7367261446359723,0.7364528668610302,0.6629557429258159,0.1688883219935423,0.1703803989485087
Pima,VIF+CART,44,1,0.2,0.9,0.8,0.7,0.7272727272727273,0.6890384615384615,0.7948148148148148,67,6,0,0.1587031560949872,0.1727667270307922,0.98,0.9040962099125366,0.7367261446359723,0.7364528668610302,0.6629557429258159,0.1688883219935423,0.1703803989485087
Pima,RRF-style,44,1,0.2,0.9,0.8,0.7,0.7272727272727273,0.6890384615384615,0.8141666666666667,67,6,0,0.1587031560949872,0.1731521449066623,0.98,0.8432701652089406,0.7436989874254099,0.7317395529640428,0.6689588858277576,0.1681313973230633,0.169933898983955
Pima,ACP-Gini,44,1,0.2,0.9,0.8,0.7,0.7272727272727273,0.6890384615384615,0.7948148148148148,67,6,0,0.1587031560949872,0.1727667270307922,0.98,0.8799562682215742,0.7341516126346522,0.7125850340136055,0.6570923373508692,0.1689952970947721,0.1690213714796331
Pima,CART,44,2,0.2,0.9,0.4,0.7,0.7857142857142857,0.7569235184388003,0.8314814814814815,79,6,0,0.1716567889709266,0.1831191233049018,0.98,0.9706122448979592,0.6758794946550051,0.6346064139941691,0.6648499709454908,0.1711754478188786,0.1830490178326675
Pima,VIF+CART,44,2,0.2,0.9,0.4,0.7,0.7857142857142857,0.7569235184388003,0.8314814814814815,79,6,0,0.1716567889709266,0.1831191233049018,0.98,0.9706122448979592,0.6758794946550051,0.6346064139941691,0.6648499709454908,0.1711754478188786,0.1830490178326675
Pima,RRF-style,44,2,0.2,0.9,0.4,0.7,0.7597402597402597,0.7326765188834155,0.8038888888888889,79,6,0,0.1716567889709266,0.1825046653685708,0.98,0.904737609329446,0.6856505009489093,0.6541496598639456,0.668296095302042,0.1705434930888681,0.1829347914632033
Pima,ACP-Gini,44,2,0.2,0.9,0.4,0.7,0.7597402597402597,0.7326765188834155,0.8072222222222223,79,6,0,0.1716567889709266,0.1796103808568314,0.98,0.9428571428571428,0.7208163265306123,0.6604178814382896,0.6556062098729959,0.1713306906351387,0.1814054485860861
Pima,CART,44,3,0.2,0.9,1.0,0.9,0.6862745098039216,0.6357142857142857,0.7583018867924529,73,6,0,0.1716567889709266,0.1863247595300347,0.98,0.9314285714285714,0.6777797638019519,0.6297473275024295,0.6605846805655059,0.1700863170765638,0.1841529391854076
Pima,VIF+CART,44,3,0.2,0.9,1.0,0.9,0.6862745098039216,0.6357142857142857,0.7583018867924529,73,6,0,0.1716567889709266,0.1863247595300347,0.98,0.9314285714285714,0.6777797638019519,0.6297473275024295,0.6605846805655059,0.1700863170765638,0.1841529391854076
Pima,RRF-style,44,3,0.2,0.9,1.0,0.9,0.6862745098039216,0.6357142857142857,0.7583018867924529,73,6,0,0.1716567889709266,0.1863247595300347,0.98,0.8565403304178812,0.6958969958589847,0.6437706511175899,0.6682538015017424,0.1707392446305864,0.1845273558157283
Pima,ACP-Gini,44,3,0.2,0.9,1.0,0.9,0.6862745098039216,0.6357142857142857,0.7523584905660378,73,6,0,0.1716567889709266,0.1842635983116723,0.98,0.8897084548104958,0.7011695506522746,0.6379689018464529,0.6590121078830734,0.1699805050922504,0.1828384691660846
Pima,CART,44,4,0.2,0.9,0.2,0.9,0.7581699346405228,0.7341379796177148,0.8183962264150944,69,6,0,0.1643185465725868,0.1766911810889314,1.0,0.9267930029154516,0.7096085315355047,0.6637803692905735,0.6753240813804348,0.1700863181086487,0.1807915467134346
Pima,VIF+CART,44,4,0.2,0.9,0.2,0.9,0.7581699346405228,0.7341379796177148,0.8183962264150944,69,6,0,0.1643185465725868,0.1766911810889314,1.0,0.9267930029154516,0.7096085315355047,0.6637803692905735,0.6753240813804348,0.1700863181086487,0.1807915467134346
Pima,RRF-style,44,4,0.2,0.9,0.2,0.9,0.7581699346405228,0.7341379796177148,0.8270754716981132,69,6,0,0.1643185465725868,0.1767113616334581,1.0,0.8532215743440232,0.6874417540345301,0.6489601554907677,0.686077093958165,0.1679919641142178,0.181451146455843
Pima,ACP-Gini,44,4,0.2,0.9,0.2,0.9,0.7581699346405228,0.7341379796177148,0.8270754716981132,69,6,0,0.1643185465725868,0.1767113616334581,1.0,0.903804664723032,0.6944013718193812,0.6740816326530612,0.6798986192083977,0.1693281320370746,0.1790980501789499
Ionosphere,CART,42,0,0.4,0.9,1.0,0.5,0.9014084507042254,0.8961337513061651,0.9824786324786324,27,6,0,0.17465905955465055,0.17383841136382772,0.6,0.32403223968312106,0.37262325890200926,0.30800777453838674,0.8850280136419523,0.18219510989994048,0.16340980273790837
Ionosphere,VIF+CART,42,0,0.4,0.9,1.0,0.5,0.9014084507042254,0.8961337513061651,0.9824786324786324,27,6,1,0.17465905955465055,0.17383841136382772,0.6,0.3293839820450675,0.37989541024831547,0.3084936831875607,0.8853408241158798,0.1803077211419932,0.16241946337238974
Ionosphere,RRF-style,42,0,0.4,0.9,1.0,0.5,0.9014084507042254,0.8961337513061651,0.9824786324786324,27,6,0,0.17465905955465055,0.17383841136382772,0.6,0.30596351860757626,0.3640937874457838,0.30622287010042115,0.8937505414725413,0.18131899567785686,0.16198801743607202
Ionosphere,ACP-Gini,42,0,0.4,0.9,1.0,0.5,0.8873239436619719,0.8786324786324786,0.9465811965811965,27,6,0,0.13299424003209362,0.14218119954709382,0.6,0.33903167567393255,0.3978752738977989,0.29846128927761584,0.8833696911326476,0.15360667202062064,0.1386195741766688
Ionosphere,CART,42,1,0.4,0.9,0.6,0.5,0.9285714285714286,0.9215070643642072,0.9079999999999998,25,6,0,0.15914593900827465,0.1612674781438672,0.66,0.36023315240181986,0.4175854413462609,0.3161807580174927,0.8762108187709444,0.18030314287637672,0.16254844808647725
Ionosphere,VIF+CART,42,1,0.4,0.9,0.6,0.5,0.9285714285714286,0.9215070643642072,0.9079999999999998,25,6,1,0.15914593900827465,0.1612674781438672,0.66,0.35587694091955796,0.4117476743531311,0.31605118237771296,0.8768350990595009,0.17788481993869165,0.16205237306922846
Ionosphere,RRF-style,42,1,0.4,0.9,0.6,0.5,0.9285714285714286,0.9215070643642072,0.9079999999999998,25,6,0,0.15914593900827465,0.1612674781438672,0.66,0.34761115415197047,0.40713864090806684,0.3123874311629413,0.8772277732774861,0.1778439155710626,0.1611488474473141
Ionosphere,ACP-Gini,42,1,0.4,0.9,0.6,0.5,0.9,0.8878975062914665,0.8973333333333333,23,6,0,0.16032367601012473,0.12647909626069542,0.66,0.3626368065041535,0.41740176258324935,0.30382248137350176,0.8609263889291128,0.15504007600433345,0.13953820501705708
Ionosphere,CART,42,2,0.4,0.9,1.0,0.7,0.8857142857142857,0.8731884057971014,0.8755555555555555,23,6,0,0.21881490447256632,0.24704243710294674,0.52,0.33095438868187965,0.3643275552082098,0.2827437641723356,0.8954036633704605,0.18887910680985118,0.18337349614476517
Ionosphere,VIF+CART,42,2,0.4,0.9,1.0,0.7,0.8857142857142857,0.8731884057971014,0.8755555555555555,23,6,1,0.21881490447256632,0.24704243710294674,0.52,0.33263503050237747,0.36711721388380736,0.2832879818594104,0.8946425799020731,0.1865781029393757,0.18250165730119294
Ionosphere,RRF-style,42,2,0.4,0.9,1.0,0.7,0.8714285714285714,0.858712715855573,0.8986666666666666,21,6,0,0.23491938942518575,0.24287273169394946,0.52,0.3184032079032079,0.3572908397139429,0.2949238743116294,0.8967537099842653,0.1898288957946125,0.18199451089587665
Ionosphere,ACP-Gini,42,2,0.4,0.9,1.0,0.7,0.8857142857142857,0.8731884057971014,0.8937777777777777,23,6,0,0.2004779743877375,0.24594550791124262,0.52,0.27263625483493437,0.2780016846177953,0.2434272756721736,0.9010789408121691,0.16534488839096068,0.16690084447594028
Ionosphere,CART,42,3,0.4,0.9,0.4,0.9,0.9,0.8901098901098901,0.9106666666666667,25,6,0,0.17053276398572556,0.15423496221191804,0.6,0.3529761247156205,0.40324417182442623,0.31372529964366697,0.8870093953376309,0.1763760585448861,0.1613623711363979
Ionosphere,VIF+CART,42,3,0.4,0.9,0.4,0.9,0.9,0.8901098901098901,0.9106666666666667,25,6,1,0.17053276398572556,0.15423496221191804,0.6,0.3536450923359687,0.40499720972371,0.3157985098801425,0.885656827259373,0.17568315429826964,0.16221922770561822
Ionosphere,RRF-style,42,3,0.4,0.9,0.4,0.9,0.9,0.8901098901098901,0.9106666666666667,25,6,0,0.17053276398572556,0.15423496221191804,0.6,0.33308384959045223,0.3909537171412078,0.31444120505344997,0.8910646981790846,0.17745370335990926,0.16164557737830382
Ionosphere,ACP-Gini,42,3,0.4,0.9,0.4,0.9,0.9,0.8901098901098901,0.9475555555555555,23,6,0,0.128949421075814,0.14533423758454975,0.6,0.3351725763898633,0.39095250295539136,0.306012309685779,0.885203414897721,0.1581796028679531,0.14655801701789017
Ionosphere,CART,42,4,0.4,0.9,0.4,0.9,0.8571428571428571,0.8470279720279721,0.891111111111111,23,6,0,0.1659994583769335,0.17880549358034437,0.78,0.35042895146736686,0.4181229315206539,0.3144120505344995,0.8503243084360422,0.20184967857763653,0.1832952251561043
Ionosphere,VIF+CART,42,4,0.4,0.9,0.4,0.9,0.8571428571428571,0.8470279720279721,0.891111111111111,23,6,1,0.1659994583769335,0.17880549358034437,0.78,0.3534453225179516,0.4230008371083464,0.31568513119533526,0.8488732686456334,0.19739791187799327,0.18113173460118986
Ionosphere,RRF-style,42,4,0.4,0.9,0.4,0.9,0.8571428571428571,0.8470279720279721,0.8728888888888888,21,6,0,0.1854523994670314,0.16240305978611455,0.78,0.3396985667393831,0.41424732588934965,0.31366375121477164,0.8575510369550685,0.2033669780966274,0.18201610735941032
Ionosphere,ACP-Gini,42,4,0.4,0.9,0.4,0.9,0.8571428571428571,0.8470279720279721,0.8648888888888888,23,6,0,0.17354778560632825,0.1595082624141579,0.78,0.32940490775064607,0.3927636263743751,0.3056138645934564,0.8633743869118106,0.16301455528731645,0.1562145613781469
Ionosphere,CART,43,0,0.4,0.9,0.8,0.9,0.8732394366197183,0.8623141564318035,0.8965811965811965,23,6,0,0.1241421770863946,0.15543360662691919,0.58,0.3395971707364265,0.39527899614254386,0.3122092646582442,0.8849261001471176,0.17969655077791719,0.17297047234059326
Ionosphere,VIF+CART,43,0,0.4,0.9,0.8,0.9,0.8732394366197183,0.8623141564318035,0.8965811965811965,23,6,1,0.1241421770863946,0.15543360662691919,0.58,0.3468034882284582,0.40498034663641913,0.31724651765468087,0.8831732045026442,0.17866080540491105,0.17178617899841914
Ionosphere,RRF-style,43,0,0.4,0.9,0.8,0.9,0.8732394366197183,0.8623141564318035,0.8965811965811965,23,6,0,0.1241421770863946,0.15543360662691919,0.58,0.32872561452153287,0.3856653364268559,0.3063297700032394,0.888623470948665,0.17806978422946476,0.17236232025988352
Ionosphere,ACP-Gini,43,0,0.4,0.9,0.8,0.9,0.8732394366197183,0.8623141564318035,0.8965811965811965,23,6,0,0.1241421770863946,0.15543360662691919,0.58,0.3669237124087064,0.43443453542939614,0.32096857790735345,0.880008526118403,0.1566311890323409,0.15334922721281835
Ionosphere,CART,43,1,0.4,0.9,0.6,0.5,0.9,0.8853801169590643,0.9084444444444443,29,6,0,0.17287483662404907,0.1454765808892212,0.48,0.33680833032163043,0.38177535783249184,0.3128182701652089,0.8983986947669046,0.18549439440902835,0.17443612709209966
Ionosphere,VIF+CART,43,1,0.4,0.9,0.6,0.5,0.9,0.8853801169590643,0.9084444444444443,29,6,1,0.17287483662404907,0.14547658088922125,0.48,0.336679145114414,0.38196735406962334,0.3128182701652089,0.8984518623998727,0.18515987974046103,0.17406021945041325
Ionosphere,RRF-style,43,1,0.4,0.9,0.6,0.5,0.9142857142857143,0.9005681818181819,0.9013333333333333,29,6,0,0.15645883659445922,0.13307401009167055,0.48,0.31071287176209145,0.36178220348249235,0.3099643666990605,0.9018123883371095,0.18617671471688493,0.1755761330877256
Ionosphere,ACP-Gini,43,1,0.4,0.9,0.6,0.5,0.9428571428571428,0.9352451433857539,0.9497777777777777,27,6,0,0.14565909290605467,0.1357375601266104,0.48,0.3072891157128852,0.3431069468731517,0.2802526724975704,0.9108056475155956,0.1673602321969223,0.15296531609303002
Ionosphere,CART,43,2,0.4,0.9,1.0,0.5,0.8714285714285714,0.858712715855573,0.9128888888888889,25,6,0,0.15167737088042457,0.16504568691225674,0.88,0.35891884132940555,0.4390199333636404,0.34297052154195007,0.8311178740735826,0.1753953557456115,0.15887341471613817
Ionosphere,VIF+CART,43,2,0.4,0.9,1.0,0.5,0.8714285714285714,0.858712715855573,0.9128888888888889,25,6,1,0.15167737088042457,0.16504568691225668,0.88,0.3587461568710068,0.4387813431316768,0.34285714285714286,0.831171895682226,0.17524290709680979,0.15872805982060226
Ionosphere,RRF-style,43,2,0.4,0.9,1.0,0.5,0.8714285714285714,0.858712715855573,0.9128888888888889,25,6,0,0.15167737088042457,0.16504568691225674,0.88,0.34264319354115275,0.4281844033583905,0.3434402332361516,0.8363828866141687,0.1775625166171938,0.15825123989039228
Ionosphere,ACP-Gini,43,2,0.4,0.9,1.0,0.5,0.8714285714285714,0.858712715855573,0.8826666666666666,25,6,0,0.16668109300249725,0.15320933720010008,0.88,0.35732806928965394,0.4384494972516532,0.34139293812763194,0.831029948958394,0.15440883979040265,0.14014293062550323
Ionosphere,CART,43,3,0.4,0.9,0.2,0.7,0.8857142857142857,0.8776223776223776,0.9311111111111111,23,6,0,0.17902294059426183,0.1607513517041195,0.36,0.30556230004489304,0.345839377006219,0.28283770651117585,0.894593144641701,0.17793564510984317,0.16545986955940628
Ionosphere,VIF+CART,43,3,0.4,0.9,0.2,0.7,0.8857142857142857,0.8776223776223776,0.9311111111111111,23,6,1,0.17902294059426183,0.1607513517041195,0.36,0.30816181390971303,0.34968370031351437,0.28529964366699057,0.8939500688650244,0.17699282770045333,0.1643301238958119
Ionosphere,RRF-style,43,3,0.4,0.9,0.2,0.7,0.8714285714285714,0.8612029081295439,0.8813333333333333,25,6,0,0.18727138161171708,0.1616677324276024,0.36,0.30362114302930626,0.3518070572270194,0.28762876579203106,0.8949161418953546,0.17761858741691694,0.16481358105674662
Ionosphere,ACP-Gini,43,3,0.4,0.9,0.2,0.7,0.8714285714285714,0.863370201691607,0.9146666666666666,23,6,0,0.16244145375650829,0.14286607719919886,0.36,0.2834457028232538,0.31556363772122853,0.26718496922578555,0.8975643706349463,0.1612163556826725,0.13743132813598039
Ionosphere,CART,43,4,0.4,0.9,0.4,0.7,0.8857142857142857,0.8794142980189492,0.9275555555555556,27,6,0,0.17122760375815613,0.15228166450720743,0.84,0.32016918868779615,0.37322111336338637,0.2938905085843861,0.8683324514015751,0.1736748074664343,0.16817440311159765
Ionosphere,VIF+CART,43,4,0.4,0.9,0.4,0.7,0.8857142857142857,0.8794142980189492,0.9275555555555556,27,6,1,0.17122760375815613,0.1522816645072074,0.84,0.32372891694140193,0.37827138593091314,0.2975153871072238,0.8656363217588036,0.17274487118030868,0.16699638956779267
Ionosphere,RRF-style,43,4,0.4,0.9,0.4,0.7,0.9,0.8937323790934721,0.9164444444444444,25,6,0,0.17946202423625332,0.14382608619294618,0.84,0.29810462959742673,0.3548521802213109,0.2910204081632653,0.8720501743090769,0.17401019698985182,0.16344532186471689
Ionosphere,ACP-Gini,43,4,0.4,0.9,0.4,0.7,0.8857142857142857,0.8776223776223776,0.8826666666666667,23,6,0,0.16180003427545187,0.16707105651048254,0.84,0.31349885668553135,0.3614584936297223,0.2855814706835115,0.8743460275656549,0.15168888814736456,0.14022006718678937
Ionosphere,CART,44,0,0.4,0.9,0.6,0.7,0.8732394366197183,0.8623141564318035,0.9794871794871796,27,6,0,0.17915275010485665,0.18137085637468006,0.84,0.29512222797877063,0.3240329459379444,0.2731130547457078,0.8821129152998917,0.18462030538899427,0.1610910874413277
Ionosphere,VIF+CART,44,0,0.4,0.9,0.6,0.7,0.8732394366197183,0.8623141564318035,0.9794871794871796,27,6,1,0.17915275010485665,0.18137085637468006,0.84,0.2959412097839469,0.3260889239202431,0.27521865889212827,0.8817441636207896,0.18375095998894672,0.1607604532308058
Ionosphere,RRF-style,44,0,0.4,0.9,0.6,0.7,0.8732394366197183,0.8623141564318035,0.9794871794871796,27,6,0,0.17915275010485665,0.18137085637468006,0.84,0.2697846129460775,0.3133671107701131,0.27396825396825397,0.88909725741001,0.18542082284784556,0.15821300572349
Ionosphere,ACP-Gini,44,0,0.4,0.9,0.6,0.7,0.9154929577464789,0.908974358974359,0.9363247863247863,25,6,0,0.16006230630654364,0.16904296187756807,0.84,0.29649510526821454,0.3364965567475089,0.26979915775834146,0.883632904795258,0.16457590451979381,0.14751893127315746
Ionosphere,CART,44,1,0.4,0.9,0.6,0.9,0.8714285714285714,0.8612029081295439,0.88,27,6,0,0.18482620665288627,0.1917778333182113,0.86,0.32070701180905264,0.37517136837598347,0.2982118561710399,0.8555788475908717,0.18392170789164566,0.16220872461667382
Ionosphere,VIF+CART,44,1,0.4,0.9,0.6,0.9,0.8714285714285714,0.8612029081295439,0.88,27,6,1,0.18482620665288627,0.1917778333182113,0.86,0.3241489326333264,0.38204788862135686,0.2997991577583414,0.8520987538761156,0.1797040947838078,0.16137410753052275
Ionosphere,RRF-style,44,1,0.4,0.9,0.6,0.9,0.8714285714285714,0.8612029081295439,0.8951111111111111,27,6,0,0.2005163474678514,0.19302900978711318,0.86,0.29821438898569747,0.35335932924938085,0.2964042759961127,0.863515512474159,0.1829913597377937,0.15859981301608295
Ionosphere,ACP-Gini,44,1,0.4,0.9,0.6,0.9,0.8571428571428571,0.8414855072463767,0.8644444444444443,29,6,0,0.174628980413429,0.16276302187205766,0.86,0.31684124332383634,0.3707177803490301,0.28965662455458374,0.8694166864390217,0.149647240257002,0.13122916423571562
Ionosphere,CART,44,2,0.4,0.9,0.8,0.7,0.8714285714285714,0.8526315789473684,0.8604444444444446,23,6,0,0.1662344489636363,0.1606044123976368,0.52,0.3622808971074277,0.4397419904657695,0.3206025267249757,0.8870626723725227,0.19158943493141428,0.16138575470662456
Ionosphere,VIF+CART,44,2,0.4,0.9,0.8,0.7,0.8714285714285714,0.8526315789473684,0.8604444444444446,23,6,1,0.1662344489636363,0.1606044123976368,0.52,0.36336881599126497,0.4408382917981748,0.3206025267249757,0.8865303506719128,0.19146873743415121,0.16136910295496848
Ionosphere,RRF-style,44,2,0.4,0.9,0.8,0.7,0.8571428571428571,0.8444444444444444,0.8497777777777779,23,6,0,0.20037208716843138,0.1663433359251166,0.52,0.35236414605802363,0.4399222833130408,0.3233981211532232,0.8877150899373367,0.18988363198521008,0.1581786630684564
Ionosphere,ACP-Gini,44,2,0.4,0.9,0.8,0.7,0.8285714285714286,0.8133333333333334,0.8333333333333334,25,6,0,0.15764681424809468,0.14505917729694257,0.52,0.3390840610636529,0.42324397060548163,0.34120829284094584,0.8812930249653885,0.16156693232456878,0.1468513882180609
Ionosphere,CART,44,3,0.4,0.9,0.8,0.7,0.9,0.8878975062914665,0.8902222222222221,25,6,0,0.1605378895103491,0.14424461146414053,0.72,0.32448474947754663,0.36540427166589773,0.2644962747003563,0.8862051102336004,0.19029632684619066,0.1690969081828995
Ionosphere,VIF+CART,44,3,0.4,0.9,0.8,0.7,0.9,0.8878975062914665,0.8902222222222221,25,6,1,0.1605378895103491,0.14424461146414053,0.72,0.33200895656297813,0.3788019858928106,0.2682669258179462,0.884007260941229,0.18686649896549248,0.16930013357896795
Ionosphere,RRF-style,44,3,0.4,0.9,0.8,0.7,0.9,0.8920467063229787,0.9342222222222223,25,6,0,0.17523482941594312,0.1710653897851772,0.72,0.3037183174968289,0.34615929885176505,0.26517654680919983,0.8908543118830464,0.1915114522110288,0.16862387827379635
Ionosphere,ACP-Gini,44,3,0.4,0.9,0.8,0.7,0.9142857142857143,0.9082167832167831,0.9466666666666668,23,6,0,0.12961828991673408,0.13773011438168,0.72,0.27348046391383724,0.2908856859913265,0.23696145124716553,0.8933912695961234,0.16661819840553074,0.14455156414306147
Ionosphere,CART,44,4,0.4,0.9,0.8,0.5,0.8714285714285714,0.858712715855573,0.8888888888888888,25,6,0,0.16215497116928498,0.1593343325835564,0.6,0.34534090512661947,0.4099133080562425,0.3151959831551668,0.8841981191453655,0.1797458002511607,0.1708533446087798
Ionosphere,VIF+CART,44,4,0.4,0.9,0.8,0.5,0.8714285714285714,0.858712715855573,0.8888888888888888,25,6,1,0.16215497116928498,0.1593343325835564,0.6,0.35548969058152735,0.422299218907331,0.3195529640427599,0.8821381699002385,0.1749735690450497,0.16972967020085353
Ionosphere,RRF-style,44,4,0.4,0.9,0.8,0.5,0.8857142857142857,0.8755555555555555,0.9075555555555554,25,6,0,0.14832148730385558,0.1610163517529349,0.6,0.33635845333804515,0.406519823915269,0.32111435050210557,0.8844411627579865,0.1761887922514411,0.1690291210150715
Ionosphere,ACP-Gini,44,4,0.4,0.9,0.8,0.5,0.9,0.8901098901098901,0.9097777777777778,25,6,0,0.14154583061593154,0.15956481494554609,0.6,0.33955366615510674,0.3951541092247038,0.3008681567865241,0.8883545199979557,0.1526529568290756,0.15237128323168314
Sonar,CART,42,0,0.2,0.9,0.4,0.9,0.7619047619047619,0.7619047619047619,0.7306818181818183,27,5,0,0.2454301999133616,0.20714876579526642,0.36,0.1452412617149143,0.12019419671172771,0.11341431810819567,0.9559639277646865,0.23519464687122546,0.22085288340258255
Sonar,VIF+CART,42,0,0.2,0.9,0.4,0.9,0.7142857142857143,0.7136363636363636,0.7806818181818183,31,5,17,0.2172125600525072,0.20486234931832198,0.4,0.15223782196686095,0.13108084366388625,0.11966310333657273,0.9554782550527632,0.22320681606086956,0.19770941274856801
Sonar,RRF-style,42,0,0.2,0.9,0.4,0.9,0.7619047619047619,0.7613636363636364,0.7579545454545455,27,5,0,0.22978352628662863,0.19837646669032236,0.36,0.13170366441264275,0.11996946161762041,0.12045999352121803,0.960332729455754,0.23190978677512747,0.22309626850637648
Sonar,ACP-Gini,42,0,0.2,0.9,0.4,0.9,0.7142857142857143,0.7136363636363636,0.6920454545454545,29,6,0,0.20659925828304643,0.17055710367415808,0.36,0.12548016329759554,0.09693496531690102,0.10517978620019437,0.9581196752007969,0.20994689359710375,0.1975353348537979
Sonar,CART,42,1,0.2,0.9,0.8,0.7,0.8095238095238095,0.8090909090909091,0.8181818181818182,25,6,0,0.21075693357046787,0.1826271597589587,0.7,0.15302889014062954,0.1407426966403117,0.12868804664723035,0.9398741738979624,0.2383199315356424,0.23527952638377198
Sonar,VIF+CART,42,1,0.2,0.9,0.8,0.7,0.7142857142857143,0.7142857142857143,0.7102272727272727,23,4,18,0.19103308567957392,0.1700672305433706,0.42,0.15913425843899087,0.144064778787241,0.11164885001619695,0.9534122883583382,0.21703302175341413,0.2026301441858838
Sonar,RRF-style,42,1,0.2,0.9,0.8,0.7,0.8095238095238095,0.8090909090909091,0.8363636363636364,25,6,0,0.1873022425612318,0.17468348709162804,0.7,0.14189563177918518,0.1384317759867819,0.12948493683187562,0.9437816754489723,0.2310228810818186,0.2302406876097219
Sonar,ACP-Gini,42,1,0.2,0.9,0.8,0.7,0.8095238095238095,0.8090909090909091,0.8295454545454546,25,6,0,0.21054050606924374,0.17200428527127093,0.7,0.13840325696852515,0.12242516851239213,0.12847748623258828,0.9433846231413681,0.19976865871525168,0.21736176884323247
Sonar,CART,42,2,0.2,0.9,0.2,0.9,0.7142857142857143,0.7136363636363636,0.788329519450801,23,5,0,0.25298824407591636,0.2602673514483867,0.5,0.1438801468604337,0.1329970020876939,0.11786200194363462,0.9434459013287914,0.21949234552576993,0.2089946225326641
Sonar,VIF+CART,42,2,0.2,0.9,0.2,0.9,0.7380952380952381,0.7367521367521368,0.7562929061784897,21,6,16,0.20018499311958315,0.20958845243573304,0.8,0.179369294700722,0.1882344914808499,0.152332361516035,0.9300236714932241,0.21507198161510138,0.18959129440483521
Sonar,RRF-style,42,2,0.2,0.9,0.2,0.9,0.7142857142857143,0.7136363636363636,0.788329519450801,23,5,0,0.22421061061750766,0.25012085753303814,0.5,0.12736013373048188,0.12045260645118003,0.1198542274052478,0.9475677717850904,0.21493484278235017,0.2081937338964079
Sonar,ACP-Gini,42,2,0.2,0.9,0.2,0.9,0.7142857142857143,0.7136363636363636,0.7425629290617849,21,5,0,0.21321491450923782,0.19854975625862892,0.5,0.11677370688535153,0.09162598743228614,0.11186588921282799,0.9485451238665367,0.19510705747964874,0.18621770687449923
Sonar,CART,42,3,0.2,0.9,0.8,0.5,0.7317073170731707,0.731067382230173,0.667464114832536,27,6,0,0.23525327480993155,0.2308479614065562,0.5,0.15373221939633766,0.13578328862733477,0.12010689990281827,0.9428954073114879,0.24046785670696968,0.23427597104935693
Sonar,VIF+CART,42,3,0.2,0.9,0.8,0.5,0.7317073170731707,0.7291291291291291,0.7619617224880384,29,6,18,0.19416629831854923,0.17723866713913605,0.6,0.1755311435824483,0.17009053520130535,0.14520894071914484,0.9429255326914832,0.22072846684386946,0.2005441577580206
Sonar,RRF-style,42,3,0.2,0.9,0.8,0.5,0.7317073170731707,0.731067382230173,0.6734449760765551,27,6,0,0.2231018731543962,0.229909985804544,0.5,0.1323344184931978,0.1170836530773379,0.11728215095562036,0.946623321506768,0.23217265052121486,0.22952334933759388
Sonar,ACP-Gini,42,3,0.2,0.9,0.8,0.5,0.6341463414634146,0.6341463414634146,0.7069377990430622,27,6,0,0.1953645507188214,0.17641246694592538,0.5,0.12010033176037473,0.08069542853355446,0.11304826692581794,0.9478565999405705,0.20977877866007189,0.21091713817357552
Sonar,CART,42,4,0.2,0.9,0.8,0.7,0.7560975609756098,0.7547846889952152,0.7966507177033493,27,6,0,0.2311882922566558,0.20874379844333876,0.46,0.14257790337334786,0.11215401507913123,0.09578231292517007,0.9525771478824806,0.23805196379733978,0.20854203172062377
Sonar,VIF+CART,42,4,0.2,0.9,0.8,0.7,0.6341463414634146,0.6332737030411449,0.6698564593301436,25,5,18,0.21421883173380157,0.1909306807449635,0.38,0.15669485029758612,0.13749470154824073,0.11458697764820217,0.9530935414216407,0.21870388878417416,0.1908146499837625
Sonar,RRF-style,42,4,0.2,0.9,0.8,0.7,0.6829268292682927,0.6759878419452887,0.6854066985645934,29,5,0,0.23614793160529585,0.2510438761276836,0.46,0.11858011989344523,0.0918959264362922,0.09564949789439586,0.9574355865731682,0.2252746926864092,0.2044585490138446
Sonar,ACP-Gini,42,4,0.2,0.9,0.8,0.7,0.7560975609756098,0.7547846889952152,0.819377990430622,27,6,0,0.2147141202914935,0.20401228213808947,0.46,0.10303320208851893,0.053472602716628445,0.08738257207644963,0.9600480371420098,0.2099109531208698,0.18784142857788322
Sonar,CART,43,0,0.2,0.9,0.4,0.9,0.5952380952380952,0.5894192064404831,0.5920454545454545,23,5,0,0.23415977886966252,0.1794322319198214,0.64,0.16709530983467927,0.17753246011005785,0.13531584062196306,0.9278302528891396,0.24115977868132846,0.2074678075738041
Sonar,VIF+CART,43,0,0.2,0.9,0.4,0.9,0.6190476190476191,0.6181818181818182,0.6443181818181818,25,5,18,0.23526313960228704,0.1520467998492766,0.86,0.1795120280546451,0.20913976566996437,0.18051830255911888,0.9162826005001085,0.22062062041962413,0.18653790232372333
Sonar,RRF-style,43,0,0.2,0.9,0.4,0.9,0.5476190476190477,0.5452991452991452,0.5761363636363637,23,5,0,0.2208786011323996,0.18313251335176062,0.64,0.14562588465289547,0.15975340263271656,0.13748947197926792,0.9340479639495878,0.23111177480678358,0.20869671901142783
Sonar,ACP-Gini,43,0,0.2,0.9,0.4,0.9,0.5952380952380952,0.5931623931623932,0.6431818181818182,23,5,0,0.2075551526136729,0.1550843024357651,0.64,0.14075699700284272,0.13852952477791902,0.13584386135406543,0.9356938832388382,0.2026537384545173,0.17995424751238148
Sonar,CART,43,1,0.2,0.9,1.0,0.5,0.8333333333333334,0.8332387975042541,0.8738636363636365,23,6,0,0.24026132088844873,0.22458832122731953,0.44,0.1315021433955218,0.08459969687712007,0.08985746679624232,0.958858403392859,0.2332838943839957,0.2158013152594822
Sonar,VIF+CART,43,1,0.2,0.9,1.0,0.5,0.7619047619047619,0.7597254004576659,0.8647727272727272,31,5,17,0.24396541994943116,0.23104156818889157,0.56,0.16732903870137714,0.15155920877870846,0.13156786524133465,0.9487713708654036,0.22430897268111735,0.19673918587070896
Sonar,RRF-style,43,1,0.2,0.9,1.0,0.5,0.8333333333333334,0.8332387975042541,0.8738636363636365,23,6,0,0.23489235924586754,0.21819164835891006,0.44,0.10967461403475809,0.07452668527788862,0.0948850016196955,0.9622314844885522,0.2287804458043536,0.21262478345708266
Sonar,ACP-Gini,43,1,0.2,0.9,1.0,0.5,0.8571428571428571,0.8571428571428571,0.8795454545454546,23,6,0,0.18820254878245318,0.1824047807022024,0.44,0.10860493590849944,0.05859224892732444,0.08952057013281503,0.9623153919695413,0.211562925453371,0.19716796780321963
Sonar,CART,43,2,0.2,0.9,0.2,0.9,0.7619047619047619,0.7597254004576659,0.8215102974828374,27,5,0,0.21802641768439687,0.2592606408814016,0.44,0.1601948858622265,0.14183721267781935,0.11837058632977,0.9433171462706752,0.23260696775963022,0.2176596017913565
Sonar,VIF+CART,43,2,0.2,0.9,0.2,0.9,0.6904761904761905,0.6860264519838988,0.702517162471396,25,4,18,0.18910668921064552,0.19871394938119427,0.5,0.16329959136151087,0.14112507944317362,0.11242630385487529,0.9498427144085171,0.2169457394848681,0.19363690620386134
Sonar,RRF-style,43,2,0.2,0.9,0.2,0.9,0.7857142857142857,0.7826336975273145,0.8329519450800915,27,5,0,0.21681200533079756,0.2671631386317622,0.44,0.13146495754478948,0.11565826326290542,0.11101068999028182,0.9487816626636558,0.22246084637076635,0.21358655376861369
Sonar,ACP-Gini,43,2,0.2,0.9,0.2,0.9,0.7380952380952381,0.7343300747556067,0.8226544622425629,27,5,0,0.21097439541561966,0.23591424186913496,0.44,0.1291388256092875,0.09888904780835939,0.10859086491739553,0.9511113687111927,0.20264827444556094,0.19419076562456436
Sonar,CART,43,3,0.2,0.9,0.4,0.9,0.7804878048780488,0.7756838905775076,0.8301435406698565,23,5,0,0.21427583274624062,0.2388012392947312,0.34,0.1411832561827507,0.10484964061587111,0.08987366375121476,0.9605589872609867,0.23417042359170348,0.22508814148349324
Sonar,VIF+CART,43,3,0.2,0.9,0.4,0.9,0.6829268292682927,0.6703772418058133,0.7165071770334929,25,5,15,0.20655140575332512,0.1949563227508112,0.38,0.1462925306267064,0.10984072960198393,0.08900226757369616,0.954658009970113,0.22042186624023533,0.2010738304091061
Sonar,RRF-style,43,3,0.2,0.9,0.4,0.9,0.7804878048780488,0.7756838905775076,0.8301435406698565,23,5,0,0.21427583274624062,0.2388012392947312,0.34,0.12251541720496671,0.09098906349101767,0.0901392938127632,0.9628084573581976,0.22785635402532886,0.22503108466512337
Sonar,ACP-Gini,43,3,0.2,0.9,0.4,0.9,0.7804878048780488,0.7756838905775076,0.8133971291866029,23,5,0,0.20854971124074997,0.23551913325274118,0.34,0.11670910725087132,0.07002902350372461,0.08321995464852608,0.9619112176971794,0.20195970346102338,0.1945312598852622
Sonar,CART,43,4,0.2,0.9,0.4,0.7,0.7317073170731707,0.731067382230173,0.7691387559808613,25,4,0,0.22429747270590836,0.22508281227294086,0.5,0.1458504448066273,0.11775570814874813,0.10227081308713962,0.9520865724235928,0.22853409141686135,0.21436357018376634
Sonar,VIF+CART,43,4,0.2,0.9,0.4,0.7,0.7317073170731707,0.7291291291291291,0.7882775119617225,29,5,17,0.22977340018385964,0.20921875531368708,0.4,0.16398038189634828,0.13820733542518837,0.10649173955296405,0.9559896364334911,0.21774288397295696,0.19392603172233439
Sonar,RRF-style,43,4,0.2,0.9,0.4,0.7,0.7317073170731707,0.731067382230173,0.742822966507177,25,4,0,0.2243381076831962,0.22482796221772192,0.5,0.11841265670437337,0.09208060259769996,0.09747975380628442,0.9578003944764544,0.21951159421267571,0.21151938199434997
Sonar,ACP-Gini,43,4,0.2,0.9,0.4,0.7,0.7560975609756098,0.7547846889952152,0.8169856459330143,21,5,0,0.2013729296400195,0.16441198878961183,0.5,0.11905983900474328,0.07812405018525868,0.0954907677356657,0.9587058503054902,0.197795585936845,0.19024928452969495
Sonar,CART,44,0,0.2,0.9,0.2,0.5,0.8095238095238095,0.8090909090909091,0.8295454545454546,29,5,0,0.26388480358286104,0.24827897498366291,0.54,0.15156047403099907,0.13224198666808146,0.11888241010689993,0.948229339011136,0.2287138656983889,0.21318684534454108
Sonar,VIF+CART,44,0,0.2,0.9,0.2,0.5,0.7380952380952381,0.7343300747556067,0.8102272727272728,25,5,16,0.18707625326272684,0.1471716112238357,0.46,0.1678267713836678,0.15902498142478616,0.12850988014253323,0.9487205282342761,0.22328631264356819,0.19806245593772753
Sonar,RRF-style,44,0,0.2,0.9,0.2,0.5,0.8095238095238095,0.8090909090909091,0.8579545454545454,29,5,0,0.2674918296616908,0.24543118244832884,0.54,0.13408119058479204,0.12175913867946368,0.11784580498866211,0.9521945082956328,0.22134135142356853,0.2104061081083661
Sonar,ACP-Gini,44,0,0.2,0.9,0.2,0.5,0.8333333333333334,0.8324786324786324,0.8681818181818182,29,5,0,0.2034264458907247,0.20414702439088966,0.54,0.1274915250009077,0.09481119460393982,0.11757369614512471,0.9525479006752465,0.2009587842727441,0.18890116022736309
Sonar,CART,44,1,0.2,0.9,0.2,0.9,0.6428571428571429,0.6426545660805445,0.6681818181818182,25,5,0,0.22683925814034098,0.21394902233491367,0.4,0.15570939170838077,0.13562696343617128,0.10417557499190153,0.9487359678890922,0.2364412917703312,0.2153448489565464
Sonar,VIF+CART,44,1,0.2,0.9,0.2,0.9,0.8095238095238095,0.8090909090909091,0.8386363636363636,25,5,17,0.21016881013139377,0.18410494751042822,0.5,0.16314965328894057,0.14827735445913834,0.11747327502429546,0.9488945689388136,0.21575637042608875,0.19840699398925132
Sonar,RRF-style,44,1,0.2,0.9,0.2,0.9,0.6428571428571429,0.6426545660805445,0.6761363636363636,25,5,0,0.23188438961302002,0.2134877996016136,0.4,0.12837208776284406,0.11126446102338097,0.10711046323291222,0.9572735387019838,0.22661005138405943,0.2152465617853036
Sonar,ACP-Gini,44,1,0.2,0.9,0.2,0.9,0.6428571428571429,0.6426545660805445,0.6636363636363636,25,5,0,0.2022395764441964,0.2049477275655442,0.4,0.12387801279966566,0.09075323175647293,0.10300615484288955,0.9570802042814426,0.20154756352983016,0.19390728214008227
Sonar,CART,44,2,0.2,0.9,0.8,0.9,0.7380952380952381,0.7379466817923993,0.7276887871853548,25,5,0,0.23404100670599218,0.2451431901306459,0.5,0.14538280154938396,0.11690918782727949,0.10312277291869128,0.9434288542484665,0.23333998813146323,0.21514215994620706
Sonar,VIF+CART,44,2,0.2,0.9,0.8,0.9,0.6904761904761905,0.690300623936472,0.7757437070938216,29,6,16,0.18075314815187507,0.14487890068799614,0.64,0.17043826614193708,0.1603555970128885,0.13412374473598965,0.941854003084983,0.22054233946845148,0.1934633808060659
Sonar,RRF-style,44,2,0.2,0.9,0.8,0.9,0.7380952380952381,0.7379466817923993,0.7276887871853548,25,5,0,0.19987748683239365,0.1952164368218826,0.5,0.11626246603939785,0.08969754555813253,0.1023841917719469,0.9524309373257689,0.22463900866625852,0.21357091568850334
Sonar,ACP-Gini,44,2,0.2,0.9,0.8,0.9,0.7619047619047619,0.7613636363636364,0.7814645308924486,25,5,0,0.21142952807176654,0.1821081666290263,0.5,0.11449345227689199,0.0712463019689803,0.09926465824425008,0.953151825533831,0.20414154596841613,0.19454979242011258
Sonar,CART,44,3,0.2,0.9,0.8,0.5,0.7317073170731707,0.731067382230173,0.6758373205741628,29,5,0,0.26020277376940676,0.21853259777605025,0.56,0.1541423432650134,0.14428132221884027,0.11813411078717202,0.9411794349827142,0.23913103918123338,0.2240972919798766
Sonar,VIF+CART,44,3,0.2,0.9,0.8,0.5,0.7073170731707317,0.7071428571428571,0.7476076555023924,25,6,17,0.23487051575198215,0.1748384277829341,0.58,0.17667518662125978,0.17534299988935834,0.13899254940071265,0.942118898887327,0.21835729078552435,0.19093566358329084
Sonar,RRF-style,44,3,0.2,0.9,0.8,0.5,0.6829268292682927,0.6829268292682927,0.7021531100478469,29,5,0,0.24613854919016104,0.2085551818342124,0.56,0.1340619659785326,0.1302281755027175,0.11922254616132166,0.9464472617341451,0.22805070944774478,0.22233991846645562
Sonar,ACP-Gini,44,3,0.2,0.9,0.8,0.5,0.6829268292682927,0.6821705426356589,0.6973684210526316,29,5,0,0.22448412712737997,0.1978628146442565,0.56,0.12227259614784097,0.09428849189148145,0.1083673469387755,0.9480580679158109,0.2029944619140403,0.19229625517114418
Sonar,CART,44,4,0.2,0.9,1.0,0.9,0.6585365853658537,0.6533816425120773,0.69377990430622,29,6,0,0.2717107753012573,0.2712151092523321,0.4,0.14898884362620385,0.12118083219421587,0.10608033689666344,0.9494460180985932,0.23491724588916857,0.21900818166344752
Sonar,VIF+CART,44,4,0.2,0.9,1.0,0.9,0.7560975609756098,0.7524154589371981,0.7440191387559809,29,5,18,0.26041706399225445,0.1922752122121907,0.72,0.17062882794073164,0.1682447029742756,0.138140589569161,0.9327180289619473,0.22368528586951966,0.18848248167312356
Sonar,RRF-style,44,4,0.2,0.9,1.0,0.9,0.6341463414634146,0.6306306306306306,0.6818181818181819,29,6,0,0.2653062242970447,0.2715626689343267,0.4,0.12781200503756893,0.10588525657104204,0.10603822481373504,0.9537036534697001,0.2219433328253643,0.21308073083698978
Sonar,ACP-Gini,44,4,0.2,0.9,1.0,0.9,0.6829268292682927,0.6703772418058133,0.6854066985645934,29,6,0,0.2146144322694812,0.21614680203920683,0.4,0.12180430841036134,0.08390485835991392,0.10191124068675089,0.9531896745812659,0.20533358464843418,0.19419678019313757
